,Glass Name,y_true,y_pred,var_pred,is_train
0,S462.6(5),16.9,32.21455,11.379558423560098,1
1,S462.6(9),26.0,33.93794,9.12593539690084,1
2,S462.6(14),29.5,36.25151,6.858269497956736,0
3,S462.6(18),31.6,37.8122,5.588978682536017,1
4,S462.6(28),33.5,37.724304,5.0567042272355565,1
5,S462.6(37),34.0,36.76746,4.683930590825015,1
6,S462.6(46),33.4,36.080334,4.1094807606907535,1
7,S464.0(2),36.5,33.77602,9.762683623803111,0
8,S464.0(5),38.8,33.948177,8.989712312436236,1
9,S464.0(7),41.1,34.543205,8.09208422833234,1
10,S464.0(10),42.4,35.52762,7.078958775927417,0
11,S464.0(15),43.2,38.112183,5.149819357031515,1
12,S464.0(19),43.3,39.749023,4.197267738131554,1
13,S464.0(24),43.3,39.96527,3.967721531480441,1
14,S464.0(39),41.9,38.470016,3.6027509956382064,1
15,BN0.11,11.6,11.717762,1.1533847985043035,1
16,BN0.25,32.0,25.655869,4.733242200702068,1
17,BN0.50,43.0,38.902824,6.776347583460658,1
18,BN0.67,43.8,39.329597,9.017654880848704,1
19,NBS2-0.25(33),23.0,24.469177,2.229155704747519,1
20,NBS2-0.50(33),45.0,46.743443,3.3677308807241375,1
21,NBS2-0.75(33),58.1,57.131706,9.050610549576692,1
22,NBS2-2.50(33),35.0,43.236897,8.92830521949378,1
23,NBS0.5-0.50(67),42.0,38.72196,5.954408091512755,0
24,NBS5.10-1.31(16),83.0,74.459236,11.726510369004147,1
25,NBS4-4.00(20),38.0,45.39144,8.285582290247115,1
26,0Zr10Na,61.0,59.23755,3.5704076952042607,1
27,4Zr10Na,47.0,54.99951,3.552979545220183,1
28,0Ca,73.0,70.90181,10.39109861139279,1
29,3Ca,67.0,71.01418,8.3022958493204,0
30,6Ca,61.0,61.370083,3.578432331853666,0
31,9Ca,51.0,54.317543,1.163483393386004,0
32,0Zr,73.0,70.614265,6.420198827197197,1
33,1Zr,71.0,68.7699,8.79242782160696,0
34,2Zr,68.0,65.76659,12.159827204381507,1
35,4Zr,64.0,62.01065,18.488009553061207,1
36,6Zr,56.0,59.90012,19.8761875290457,1
37,8Zr,53.0,56.788857,11.973833636905347,1
38,0Ca0La,71.0,71.722374,8.11578439691521,1
39,0Ca1La,66.0,72.37709,9.60631010755438,0
40,0Ca2La,62.0,68.6018,10.651622463014307,1
41,0Ca4La,52.0,66.25081,16.999247101943794,1
42,0Ca8La,41.0,58.394325,19.986524751248123,1
43,0Ca10La,35.0,55.360947,14.259081180993066,1
44,4Ca0La,64.0,68.04926,4.8168029017543965,1
45,8Ca0La,57.0,57.801838,1.401214261839718,1
46,10Ca0La,53.0,53.043575,0.8396914812470367,1
47,17O 12La,57.0,57.0594,2.8775818175899803,1
48,17O 5Ca4La,54.0,60.08248,14.967451023261207,1
49,CABS5,4.0,5.2127857,0.980410667887388,0
50,CABS10,4.0,3.9594707,0.9626173219617609,1
51,CABS20,6.0,5.1720943,0.7946807992908775,1
52,CABS25,7.0,6.908533,0.7109806304727917,1
53,Na-I,2.6,2.4468212,0.3436687291271546,1
54,Ca-I,10.8,11.02603,0.601236105966236,0
55,Mg-I,8.0,8.030676,0.4690387222824723,1
56,Na-II,13.7,14.3185215,0.9893069377641733,1
57,Ca-II,12.0,11.980734,0.6331169054914251,1
58,Mg-II,8.9,8.918844,0.2006257313799289,1
59,LBS,45.0,45.510353,0.5259998166424854,1
60,NBS,56.7,53.559513,5.674320701364167,1
61,KBS,60.0,61.698395,1.2775327960565301,1
62,LN-BS,55.2,55.15794,0.7443400301666241,1
63,LK-BS,52.3,54.358074,0.5749569526663395,0
64,NK-BS,55.7,58.360176,2.8898978693300146,1
65,HF-1,75.5,65.77418,7.036204569557121,0
66,HF-2,72.4,64.9099,11.10682977194233,0
67,HF-3,69.7,63.700882,16.846880583284193,0
68,HF-4,65.4,60.73873,9.59067681903667,1
69,HF-5,60.2,56.08531,4.351228542649892,1
70,AB-0,29.5,34.752525,9.793382655710824,1
71,AB-5,24.2,25.389153,7.613372811865562,1
72,AB-10,18.5,17.029942,2.3613116511875836,0
73,AB-15,13.6,13.223446,0.6932359773393711,1
74,AB-20,10.0,9.591883,0.444093743427315,1
75,AB-25,8.0,7.8233433,0.38539812957935443,1
76,NB-15,9.4,7.1922283,0.40569371264223875,0
77,NB-25,13.1,13.903778,0.5652354044554174,0
78,NB-30,19.4,19.315248,0.9302013048083277,0
79,NB-35,22.8,21.499529,1.7561664975370697,1
80,NB-40,18.6,18.048334,2.359720912485895,1
81,NB-45,12.3,14.623035,4.342650227032151,0
82,NB-50,4.0,12.928379,10.878837865015957,1
83,B7N20,62.0,54.742958,12.292545052744883,1
84,B7N15,44.0,50.14461,13.19017571659936,0
85,B7N10,28.0,29.402565,8.965004751251689,1
86,B7N05,19.0,18.348948,4.486049855142827,0
87,B7N00,15.0,15.205721,2.247539168618431,1
88,B21N20,51.0,43.502518,3.5286886137543827,1
89,B21N15,36.0,35.845802,4.129228106446684,1
90,B21N10,32.0,31.535988,4.450148756189576,1
91,B21N05,27.0,26.482351,2.1150309249897195,1
92,B21N00,21.0,22.019379,1.0979337047145306,1
93,Al0,94.9,95.37158,3.4230258996037914,1
94,Al1,93.2,94.56724,4.039426988740174,1
95,Al2.5,94.6,93.79725,4.509222464731988,1
96,Al5,91.6,90.788765,5.493300893007174,0
97,Al7.5,83.1,84.00108,6.046901178949995,0
98,Al10,74.4,70.063126,5.625783339130081,1
99,Al12.5,43.6,40.417984,2.8431843907563272,1
100,Al15,19.9,19.151476,1.1574108217539651,1
101,Al17.5,1.0,4.2954464,0.41852132086066157,0
102,Al20,0.8,0.53573793,0.3639128381042378,1
103,LB2,46.0,45.656116,0.6465164927838637,1
104,NB2,43.0,39.704754,7.326977286610056,1
105,KB2,40.0,40.50953,0.7704451712281466,1
106,NB25,35.1,32.37697,5.637962341620527,1
107,NB30,41.6,35.812893,6.105795594827065,1
108,NB33,43.4,39.091763,6.852178706836223,1
109,NB37.5,41.1,39.28332,9.131734676205758,0
110,BB25,34.1,34.68004,1.1294906649246637,0
111,BB30,39.5,39.42858,1.2534796047301626,1
112,BB33,43.1,42.172028,1.6207142747927965,1
113,BB40,44.5,41.056744,2.392744944604265,1
114,BB50,35.9,32.311775,4.104623735285355,1
115,CB25,32.9,32.934353,0.919805635523844,1
116,CB30,36.7,37.14463,0.8445635014526846,1
117,CB33,39.4,39.14431,0.8538306104754139,1
118,CB40,41.9,39.90114,0.9568577869392222,0
119,CB50,38.3,38.73205,1.5918876581032788,1
120,75B,39.9,30.727411,5.053636258857721,0
121,63B-12Si,45.3,38.353386,4.6425675149552434,1
122,51B-24Si,48.9,47.80081,3.6371329439683766,1
123,37B-37Si,53.5,54.405594,3.0321053302036858,1
124,24B-51Si,65.5,60.636215,3.409600232645328,1
125,12B-63Si,75.8,71.27774,2.754932735742218,1
126,6B-69Si,80.8,82.28824,4.4028377428876855,1
127,Li10,11.2,10.901758,0.49202853235784544,1
128,Li15,17.7,17.312792,0.6960689465627664,1
129,Li20,25.0,24.991354,0.8046663688502707,1
130,Li25,32.9,32.285267,0.7795237972240897,1
131,Li30,39.7,39.943405,0.9230426581819069,1
132,Li35,42.9,44.189503,1.2106160814290192,1
133,Li40,43.4,44.353466,1.5642572395110474,1
134,Li48,38.4,39.510113,1.7487951827221706,1
135,BABS27_FQ,27.0,26.799847,1.332779686464417,1
136,BABS27_WQ,30.4,30.133398,0.9241743625146812,1
137,BABS27_FQ-AN,40.7,62.106846,1.439507112049896,0
138,BABS21_FQ,28.8,28.410603,0.8130762751254299,1
139,BABS21_WQ,32.0,22.545937,0.7447398108893929,0
140,BABS21_FQ-AN,35.6,35.3379,0.604936234162098,1
141,Cm doped ISG,58.0,47.87875,10.239201607338835,1
142,NBF67.18.0,71.0,67.49542,8.322949332467722,1
143,NBF67.18.1,70.0,60.508778,8.726684812876362,1
144,NBF67.18.1-R12,75.0,60.611908,8.438682747946862,1
145,NBF67.18.5-800,70.0,59.177094,9.49313257996285,1
146,NBF67.18.5-R5,72.0,62.62174,9.93187205106038,1
147,NBF67.18.5-R17,76.0,61.927845,9.778139554468412,1
148,NBF67.18.10-R5,68.0,66.6607,16.218559111653057,1
149,NBF67.18.10-R15,74.0,66.27342,15.969448076599583,1
150,Zr0La,46.6,64.60728,21.238224892398193,1
151,Zr1La,41.6,62.15422,31.090681901589075,1
152,Zr2La,37.0,62.158173,33.92368659655483,1
153,Zr3La,29.2,59.16434,28.899890635130344,1
154,Priven-1,64.0,59.341095,9.923865150196214,1
155,Priven-2,61.0,56.67582,8.651772080707449,0
156,Priven-3,60.0,59.620495,11.770580248170488,1
157,Priven-4,66.0,58.805153,11.458799332265412,1
158,BSN,64.0,60.418636,12.122898074821935,1
159,BSNC,61.0,57.04233,3.0446348563042545,1
160,BSNS,62.0,53.742676,9.407671247670352,1
161,BSNB,63.0,53.742676,9.407671247670352,1
162,NABS-Zr,22.0,22.003044,1.9478782434092738,1
163,NABS21,45.0,43.502518,3.5286886137543827,1
164,BS3,73.7,65.93053,7.965392677324965,1
165,BS6,49.4,41.70047,3.836101044520237,1
166,1,1.0,0.39672655,0.3193492591705581,1
167,2,5.0,4.7315693,0.6901558357634836,1
168,3,2.0,5.3417683,0.4311259418882842,0
169,4,16.0,19.066599,1.8081434734669926,1
170,5,67.0,85.83307,10.254819417353062,1
171,6,24.0,23.59641,1.3206843646334252,1
172,7,85.0,73.15182,10.229464983710459,1
173,8,50.0,57.81805,6.047252025028941,1
174,9,39.0,38.05769,1.94644680430593,0
175,10,64.0,68.790405,9.789703286445414,1
176,11,77.0,68.790405,9.78970006175719,1
177,12,70.0,82.63482,10.31032533084267,1
178,13,72.0,82.63482,10.310320816279154,1
179,14,42.0,61.68763,9.758887520823935,1
180,15,51.0,61.68763,9.758887520823935,1
181,16,28.0,29.39361,4.635658297963073,1
182,17,28.0,31.633114,4.622715366831982,1
183,18,34.0,33.98973,4.658179842999486,1
184,19,28.0,38.094246,4.744669528367127,1
185,20,41.0,40.040836,4.805346229426485,1
186,21,38.0,45.468,5.966093071767039,1
187,22,48.0,53.562656,8.249804374384082,1
188,23,59.0,64.80996,11.264275819494896,1
189,24,59.0,73.9074,13.436273602974833,1
190,25,67.0,73.907394,13.436271023224252,1
191,26,30.0,59.67489,11.118802394386337,1
192,27,55.0,59.67489,11.118802394386337,0
193,28,26.0,33.337624,5.526997595089404,1
194,29,32.0,36.668365,5.683638115523216,1
195,30,38.0,38.72196,5.954408091512755,1
196,31,45.0,44.589996,7.626773326255866,1
197,32,45.0,50.363686,9.563245041239137,1
198,33,70.0,62.59626,9.878532483120729,0
199,34,73.0,62.59626,9.878532483120729,0
200,35,50.0,71.241776,10.987547264602094,1
201,36,68.0,74.67861,10.174567891357844,1
202,37,33.0,37.370255,6.14825377481825,1
203,38,27.0,38.363544,6.3909296220487155,1
204,39,35.0,39.194855,6.887853432676036,0
205,40,43.0,45.256817,9.439649190928337,1
206,41,44.0,56.59619,10.87101219163007,1
207,42,62.0,56.596195,10.87101348150536,1
208,43,50.0,71.533844,5.439588551108645,0
209,44,57.0,64.77135,6.845693213876896,0
210,45,39.0,39.171505,7.6572240571702075,0
211,46,45.0,39.171505,7.6572240571702075,0
212,47,40.0,42.378624,9.489270048406226,0
213,48,30.0,49.595314,12.23771374403207,0
214,49,44.0,59.481846,8.402513999870887,1
215,50,49.0,67.50441,4.813522748891317,0
216,51,60.0,67.14749,4.7220605942798,1
217,52,18.0,44.82257,12.047534531239082,1
218,53,55.0,56.927113,6.92616337373381,1
219,54,50.0,59.121994,5.766544204865748,1
220,a)-R0.11,11.6,14.473373,2.6241242252772206,1
221,a)-R0.177,16.0,24.640965,7.792484249730646,1
222,a)-R0.205,22.5,28.736687,9.03482570071238,1
223,a)-R0.250,28.0,34.329006,9.780775414624019,1
224,a)-R0.282,27.5,37.49843,9.715581247829418,1
225,a)-R0.333,38.0,41.299866,9.042423066171894,1
226,a)-R0.370,34.0,43.2383,8.298405585445035,1
227,a)-R0.408,38.0,44.629147,7.443517519083242,0
228,a)-R0.450,42.0,45.56201,6.516559605692223,1
229,a)-R0.5,43.0,45.965916,5.567886641790013,1
230,a)-R0.667,44.5,42.984684,4.0477241115446425,1
231,a)-R1.85,9.700000000000001,11.395319,1.121805749179825,0
232,a)-R2.0,8.0,7.404234,0.9686621612750593,1
233,a)-R2.33,2.9,2.5506115,0.7376213922485865,1
234,1,11.0,10.480436,0.6064550623163555,1
235,2,21.0,28.411045,3.361907093788704,0
236,3,33.0,42.291058,10.996363562210885,1
237,4,45.0,48.026005,4.907161568055113,1
238,5,50.0,48.510056,3.6296810119478375,1
239,6,49.0,48.244473,3.1016289634099774,0
240,7,47.0,47.596394,2.8079217800717458,1
241,8,45.0,46.46129,2.5895982946177774,1
242,9,41.0,44.686802,2.4201904273267583,1
243,10,12.0,12.037031,0.9024489930011687,1
244,11,22.0,25.401876,1.305031647369157,0
245,12,35.0,41.738213,6.8939867896811275,1
246,13,45.0,47.90653,16.983384215624422,1
247,14,54.0,48.886303,11.92252368773489,0
248,15,55.00000000000001,49.437614,7.881228959574449,1
249,16,54.0,49.75125,5.452738184754996,1
250,17,54.0,49.780594,4.057012825978483,0
251,18,51.0,49.482704,3.2512357938861105,1
252,19,47.0,46.421257,2.364123579320307,1
253,20,38.0,53.039513,5.250665999317173,1
254,21,20.0,19.423317,2.0503883411161072,0
255,22,31.0,29.952848,2.4598816635859677,1
256,23,45.0,43.62341,3.4086776493439843,1
257,24,55.00000000000001,51.161903,5.236085571505122,1
258,25,61.0,56.670338,8.705167758222224,1
259,26,60.0,59.579426,11.72497541740876,0
260,27,60.0,60.588223,12.719918142784817,0
261,28,57.99999999999999,60.418636,12.122898074821935,1
262,29,53.0,54.456226,5.76534784553405,1
263,30,39.0,34.363506,4.273909548127035,1
264,31,65.0,62.248516,6.834477103290614,1
265,32,64.0,65.9212,7.558262890090058,1
266,33,64.0,68.41811,8.316212958764444,1
267,34,61.0,68.154625,7.141312637332908,1
268,35,55.00000000000001,59.757442,5.554721529640178,1
269,36,44.0,40.76746,5.555769553313498,1
270,K1-R0.2,25.0,24.29257,1.0704204229220942,1
271,K1-R0.32,34.0,36.136444,1.585312841280103,1
272,K1-R0.352,40.0,38.008884,1.9339608114964066,1
273,K1-R0.4,42.0,40.13805,2.764126321873404,1
274,K1-R0.5,48.0,43.22047,5.36424500059279,1
275,K1-R0.66,56.00000000000001,47.158245,8.48260880601834,0
276,K1-R0.75,56.00000000000001,48.90535,9.887440361875125,1
277,K1-R0.86,57.99999999999999,50.48594,11.340635146801816,1
278,K1-R1,62.0,51.613632,12.234102093219397,1
279,K1-R1.5,53.0,47.338108,9.33755169207997,1
280,K2-R0.15,15.0,14.427439,1.8264058502950333,1
281,K2-R0.25,27.0,24.464603,2.2334309963970194,0
282,K2-R0.33,35.0,32.76397,2.4216692693470185,1
283,K2-R0.5,49.0,46.746925,3.368776324646877,1
284,K2-R0.6,54.0,52.06619,4.850459940171452,1
285,K2-R0.636,56.99999999999999,53.545555,5.6652354647573615,0
286,K2-R0.64,55.00000000000001,53.697994,5.7660347041261035,1
287,K2-R0.7,56.99999999999999,55.740887,7.490892703680822,1
288,K2-R1,67.0,62.59626,9.878532483120729,1
289,K2-R1.22,66.0,64.644936,7.408825033276946,1
290,K2-R1.7,63.0,61.929283,6.472314303486409,1
291,K2-R2,63.0,56.927113,6.92616337373381,1
292,K2-R2.26,56.99999999999999,50.55833,7.858563270974352,1
293,K2-R2.5,52.0,43.050762,8.952298834705179,1
294,K2.41-R0.15,17.0,14.5853,2.3121082296004993,1
295,K2.41-R0.25,26.0,24.36213,2.8299218930220795,1
296,K2.41-R0.379,38.0,37.35933,3.1280978493033476,0
297,K2.41-R0.59,54.0,52.41685,4.474557388775611,1
298,K2.41-R0.723,57.99999999999999,57.86399,6.929344206199541,1
299,K2.41-R0.852,59.0,60.65561,9.917195205070383,0
300,K2.41-R1.136,65.0,65.509834,9.775472737305842,1
301,K2.41-R1.29,69.0,67.13296,7.376408532420279,1
302,K2.41-R1.46,70.0,67.57246,6.07975817221828,1
303,K2.41-R1.75,68.0,66.03604,5.497191156882538,1
304,K2.41-R2.26,61.0,58.42813,6.372728836765784,1
305,K3-R0.15,18.0,15.543018,3.2106240703729036,1
306,K3-R0.25,28.0,24.955692,3.907179622388913,0
307,K3-R0.379,37.0,37.696896,4.2323033307650535,1
308,K3-R0.5,50.0,47.741596,4.538433625492409,1
309,K3-R0.545,51.0,50.77696,4.744398977024999,0
310,K3-R0.75,61.0,60.149723,6.69502030147338,1
311,K3-R1,67.0,64.80996,11.264275819494896,0
312,K3-R1.263,69.0,67.57675,11.406770922558291,1
313,K3-R1.6,73.0,70.07381,6.2883239123359935,1
314,K3-R1.7,71.0,70.06144,5.636867882436758,1
315,K3-R2.25,66.0,65.795906,5.042209253661484,1
316,K4-R0.333,37.0,34.146557,6.7793259055058215,1
317,K4-R0.714,68.0,61.35393,7.409297127633174,1
318,K4-R1,71.0,68.70438,9.806538738733627,1
319,K4-R1.153,66.0,69.93838,11.806054398402669,0
320,K4-R1.666,77.0,71.23865,10.998930414038462,1
321,"K4-R2,27",76.0,71.45263,4.993391021082948,1
322,K4-R2.56,73.0,69.37053,4.654146725435728,1
323,K4-R3,68.0,64.396095,5.050697600477731,1
324,K4-R3.88,56.99999999999999,48.355312,7.798340928485981,1
325,NAB10,13.0,12.810627,0.4282971647595822,1
326,NAB15,18.0,18.086462,0.510442993544326,1
327,NAB20,33.0,23.594046,0.6077270405869435,0
328,NAB40,68.0,42.873066,1.2745082803525343,0
329,NAB60,78.0,53.214954,4.615151860598837,0
330,NAB80,83.0,52.665413,19.946290961194958,1
331,NBS,85.0,50.32929,29.982911204825147,1
332,LiB5,10.0,9.188414,0.8344337883296071,1
333,LiB10,11.0,11.975611,0.9196947062488834,1
334,LiB15,17.0,15.358719,1.0124389968988983,1
335,NBS-K0.5R0.25,23.2,29.952885,1.8276363913219222,0
336,NBS-K0.5R0.5,42.7,38.72196,5.954408091512755,0
337,NBS-K0.5R0.75,48.7,42.40733,9.019531649396004,1
338,NBS-K2R0.25,18.7,24.469177,2.229155704747519,1
339,NBS-K2R0.5,40.4,46.743443,3.3677308807241375,1
340,NBS-K2R0.75,56.6,57.131706,9.050610549576692,1
341,NBS-K4R0.25,19.2,26.457232,6.332920060620752,1
342,NBS-K4R0.5,41.2,48.82755,6.914904052325305,0
343,NBS-K4R0.75,56.3,62.669456,7.571838182582189,1
344,1,25.0,26.266102,2.344367365671757,1
345,2,13.0,10.955786,1.5677444173582114,1
346,3,3.0,2.880663,0.9938396401512823,1
347,4,0.0,0.15432923,0.6627692842183133,1
348,5,52.0,54.456226,5.76534784553405,1
349,6,43.0,46.33073,4.509304049344096,1
350,7,35.0,34.363506,4.273909548127035,0
351,8,22.0,20.782436,3.272195944883688,0
352,9,2.0,2.826456,1.3602299256020431,0
353,10,0.0,-0.09765441,0.8675987393234358,1
354,11,64.0,68.154625,7.141312637332908,1
355,12,57.99999999999999,59.757442,5.554721529640178,0
356,13,49.0,50.74895,5.459752526583322,1
357,14,40.0,40.76746,5.555769553313498,0
358,15,22.0,18.226246,3.7702816106786923,1
359,16,1.0,3.4774723,1.8223907909853387,1
360,17,0.0,0.030481268,1.1474168680051857,0
361,18,0.0,-0.5972615,0.8914539347927516,1
362,19,72.0,73.75482,7.561748778061932,1
363,20,70.0,74.992134,7.632526170050337,0
364,21,66.0,70.497055,5.653315727200254,1
365,22,63.0,63.052574,4.687105618851941,1
366,23,56.99999999999999,54.895237,4.861927253970508,1
367,24,43.0,36.67859,5.419271080474429,1
368,25,27.0,17.09882,3.911696765655334,0
369,26,6.0,4.424135,2.231479253848475,1
370,27,0.0,0.4893245,1.458021337028356,1
371,28,81.0,86.74101,5.669694563635722,1
372,29,79.0,80.74815,6.53132609801489,1
373,30,79.0,75.80552,6.210579258967357,1
374,31,75.0,71.19759,4.939134674280759,1
375,32,62.0,59.882893,4.125879267724398,1
376,33,50.0,46.5364,4.702775991284244,1
377,34,27.0,31.312067,4.7876713907931485,1
378,35,16.0,16.44549,3.821147197811662,1
379,ISG,45.0,49.253487,5.708737798795997,1
380,ISGV,57.0,50.67428,5.743053641017542,0
381,ISG-Si,81.0,62.35915,9.377573942585537,1
382,BFS,29.0,25.33291,0.9824131992754855,0
383,BFS-Si,33.0,22.922306,1.0499689664921048,0
384,BFS-B1,28.0,26.914099,0.9034337321680613,1
385,BFS-B2,25.0,26.501308,0.9381583036222014,1
386,BASN1,31.0,32.948643,1.5186788511927716,1
387,BASN2,28.0,27.33496,1.2722318116996718,1
388,BASN3,52.0,51.01894,9.569710541131464,1
389,BASN4,48.0,46.25127,6.421301670570353,1
390,LJ1,38.0,39.4892,5.1602428392519455,1
391,LJ2,41.0,42.18169,5.534538850973792,1
392,LJ3,36.0,34.803207,1.8998223271272692,1
393,LJ4,34.0,37.47771,2.437188887604775,1
394,LJ5,34.0,35.523804,1.8206647766125863,0
395,LJ6,37.0,35.321346,2.3212739221785337,0
396,LJ2b Al,38.0,40.012466,2.9648041521224777,0
397,LJ4b Al free,42.0,45.173935,3.403949933936432,1
398,K0.5-R0,0.0,-2.6654072,0.32622242011750624,0
399,K0.5-R0.4,42.0,45.76702,8.003185378391352,1
400,K0.5-R0.8,49.0,47.596394,2.8079217800717458,1
401,K0.5-R1.0,47.0,44.686802,2.4201904273267583,1
402,K0.5-R1.2,39.0,39.45243,2.183965891360428,1
403,K2.0-R0.45,38.0,39.60599,2.9793110570429846,1
404,K2.0-R0.6,45.0,51.161903,5.236085571505122,0
405,K2.0-R1.0,60.0,60.418636,12.122898074821935,0
406,K2.0-R2.0,45.0,46.33073,4.509304049344096,1
407,K2.0-R2.5,33.0,34.363506,4.273909548127035,1
408,Cs0,69.0,71.41579,1.1773613228681075,1
409,Cs2.42,70.0,70.809875,1.5585967830342404,0
410,Cs3.62,69.0,70.40857,1.9387291579756014,1
411,Cs4.83,70.0,69.93276,2.510241297136341,1
412,Cs7.25,72.0,68.911896,4.089511556384903,0
413,Cs9.66,75.0,68.09478,5.126730589336219,1
414,U-0,77.1,75.649445,1.5481291225851201,1
415,U-2,74.4,73.5364,1.8270556249724916,1
416,U-3,72.7,72.50115,1.6608408439624618,1
417,U-4,71.1,70.53396,2.075746160681347,1
418,U-5,63.1,67.96423,3.76977372228316,1
419,Yamashita-Al2-B1-Na2,18.09631,19.251152,1.048933035399631,1
420,Yamashita-Al1.5-B1.5-Na2,38.70814,36.70585,2.3685968668268593,1
421,Yamashita-AL1-B2-Na2,48.08484,51.340595,5.04057111204288,1
422,Yamashita-Al0.5-B2.5-Na2,51.63278,58.39148,8.29329832423333,1
423,Yamashita-B3-Na2,66.09908,62.348118,7.798166795321798,1
424,Yamashita-B2-Na3,69.94268,80.56081,6.819031491627635,0
425,Yamashita-Al0.5-B2-Na3,69.94268,78.40021,8.207065001579624,0
426,Yamashita-Al0.5-B1.5-Na3,66.71152,74.8137,7.5282410427097215,0
427,Yamashita-Al1-B1-Na3,62.86792,69.05475,5.83344036210582,1
428,Yamashita-Al1.5-B1-Na3,58.39076,61.975002,3.905297694340453,0
429,Yamashita-Al2-B0.5-Na3,51.316,53.30768,2.37887943017183,1
430,(NC)BS,64.0,69.52009,3.966742516135149,1
431,(NC)ABS,72.0,66.673706,7.551483950502202,0
432,S3,73.0,65.93053,7.965392677324965,1
433,S4,52.0,46.889828,6.039324451495125,1
434,S5,51.0,48.444283,4.582755030340346,1
435,S6,47.0,48.16845,5.524352060869122,1
436,Al0,29.0922,29.40508,3.6414769214770826,1
437,Al0.5,25.11473,27.1375,3.647821818029773,1
438,Al1,25.08371,25.02634,3.594208796528592,1
439,Al2,22.60555,21.25773,3.345948111760209,0
440,Al3,20.5858,18.052742,2.9837450033531847,1
441,G1,41.0,50.24293,10.523820329382035,1
442,G2,43.0,51.31885,11.792344313942706,1
443,G3,54.0,50.702877,5.544801743720587,1
444,G4,37.0,36.718933,1.6786430577807094,1
445,G5,17.0,15.839756,0.9515034339922303,1
446,G6,0.0,0.15053742,0.5193356759554604,1
447,G7,0.0,-0.62873274,0.5207893654075608,1
448,G8,0.0,0.80549806,0.43864829303794983,0
449,G9,4.0,3.7553616,0.4323115791316317,1
450,SNB-K2.12-R0.43,34.0,37.373516,3.0015697899890115,1
451,SNB-K2.12-R0.56,48.0,47.571003,4.021472247168855,1
452,SNB-K2.12-R0.8,54.0,60.320526,10.024185845832276,1
453,SNB-K2.12-R1.06,61.0,61.914936,11.188478877814523,0
454,SNB-K2.12-R1.36,57.0,58.07221,7.499888293954956,1
455,SNB-K2.12-R0.72,49.0,52.88852,5.319916178961934,1
456,Pyrex® ,26.0,22.0405,8.704653097981419,1
457,E-glass,14.0,13.84795,0.36336073117141227,1
458,Bi40B,46.0,38.973526,8.894089342607227,1
459,Bi40BSi5,46.0,41.63386,7.045558100224296,1
460,Bi40BSi10,46.0,44.26549,4.879687546841823,1
461,Bi40BSi20,46.0,47.32471,1.8929927599342709,1
462,Bi50B,45.0,38.51113,6.978116970674097,1
463,Bi50BSi5,43.0,41.217678,4.33615796222755,1
464,Bi50BSi10,43.0,42.52123,2.6012237793742994,0
465,Bi50BSi20,42.0,41.271233,1.247095931301559,1
466,Bi50BAl2,41.0,38.19355,5.298136957155053,1
467,Bi50BAl4,36.0,37.059933,3.3702129232513816,0
468,Bi50BAl6,34.0,34.72763,2.153282660425021,1
469,Bi50BAl8,33.0,31.203564,1.4955389721890995,1
470,Bi50BAl2Si5,41.0,39.67678,3.2240178129179333,1
471,Bi50BAl2Si10,40.0,39.497818,2.055772280577569,1
472,Bi50BAl2Si20,38.0,36.7056,1.256715176278524,1
473,Bi50BAl4Si5,35.0,37.097664,2.183617141328829,1
474,Bi50BAl4Si10,35.0,35.57965,1.5675698004907952,1
475,Bi50BAl4Si20,30.0,32.285534,1.2011177622605143,1
476,Bi50BAl6Si5,32.0,33.375195,1.5491734378669808,1
477,Bi50BAl6Si10,33.0,30.984598,1.260871235080883,1
478,Bi50BAl6Si20,29.0,28.222649,1.1218504917289551,1
479,Bi50BAl8Si5,28.0,28.80082,1.1994934061840739,1
480,Bi50BAl8Si10,27.0,26.225822,1.0827075330853035,1
481,Bi50BAl8Si20,25.0,24.622046,1.0391270809744038,1
482,Li-R0.03,3.0,1.9266261,0.31747748889000854,0
483,Li-R0.1,12.0,10.337734,0.36249651472695144,0
484,Li-R0.2,21.0,20.929716,0.38659029681635876,1
485,Li-R0.3,32.0,32.58266,0.4276314681840099,1
486,Li-R0.4,38.0,39.520462,0.46602992693357614,0
487,Li-R0.5,43.0,43.61714,0.5294698230248479,1
488,Li-R0.7,44.0,44.950127,0.8100981143146769,1
489,Li-R0.9,40.0,39.510185,0.9700555490573411,1
490,Na-R0.03,3.0,2.97188,0.3707854548850479,1
491,Na-R0.1,10.0,10.58444,0.9419812521308559,1
492,Na-R0.2,22.0,21.137304,3.796248090146514,1
493,Na-R0.4,38.0,35.317303,6.030550074833268,0
494,Na-R0.7,39.0,39.043613,9.731353197940827,1
495,Na-R0.8,33.0,37.92741,11.989385663279771,0
496,K-R0.2,25.0,17.608421,4.257274348977632,1
497,K-R0.54,40.0,40.35303,0.7412074874070707,1
498,K-R0.7,34.0,34.45694,0.40289448171940384,1
499,Rb-R0.1,12.0,11.846062,0.32358559255543307,1
500,Rb-R0.2,22.0,22.06318,0.39858891830918547,1
501,Rb-R0.48,41.0,40.98549,0.6133922131702805,1
502,Rb-R0.54,39.0,39.74734,0.6111489991147446,1
503,Rb-R0.7,34.0,34.415176,0.5307092722529602,1
504,Rb-R0.8,30.0,30.317448,0.44997210821096695,1
505,Cs-R0.03,5.0,4.360285,0.37268314359721066,1
506,Cs-R0.1,12.0,11.907776,0.6450292262656142,1
507,Cs-R0.2,23.0,20.618162,1.049474702404326,0
508,Cs-R0.32,32.0,32.691498,1.1118960404109393,1
509,Cs-R0.4,39.0,38.39288,1.2091129736298614,1
510,Cs-R0.54,41.0,42.257957,1.696828203325747,1
511,Cs-R0.6,40.0,41.972466,2.034194601784789,1
512,Cs-R0.7,36.0,40.05408,2.6904833106933195,1
513,Cs-R0.8,35.0,37.446293,3.3187365801684834,0
514,Cs-R0.9,33.0,34.882317,3.7966550458005845,0
515,Cs-R1.1,28.0,30.76968,4.159058084877596,1
516,Cs-R1.4,30.0,26.94363,3.3906416456293806,0
517,CABS-20_0.1,17.0,15.205721,2.247539168618431,1
518,CABS-43_0.1,5.6,5.6642513,0.4551225802448953,1
519,LABS-43_0.1,8.2,8.060091,0.4522335014463746,1
520,YABS-43_0.1,8.5,8.060091,0.4522335014463746,1
521,CABS-20_0.3,24.0,22.019379,1.0979337047145306,1
522,CABS-43_0.5,15.5,15.5675335,0.6031761993285654,1
523,LABS-43_0.5,12.5,11.235079,0.743291119704042,0
524,YABS-43_0.5,11.5,11.235079,0.743291119704042,1
525,CABS-43_0.7,17.1,17.334652,0.5750006875003992,1
526,LABS-43_0.7,15.7,15.149277,0.9253998246576149,1
527,YABS-43_0.7,14.2,15.149277,0.9253998246576149,1
528,LAB-33_1.0,25.0,24.720488,1.23053554491899,1
529,LAB-47_1.0,16.6,19.035213,1.1489670562524372,0
530,Ba1M,16.5,11.035709,0.7187597877310237,0
531,Ca1M,15.5,15.223335,0.6080678095151838,1
532,La1M,12.5,12.25001,0.44235362104357556,1
533,Y1M,11.5,12.25001,0.44235362104357556,0
534,Ba2M,16.8,15.080154,0.8973338313033107,1
535,Ca2M,17.1,16.933834,0.5746825720069437,1
536,La2M,15.7,15.307087,0.4523847796327581,1
537,Y2M,14.2,15.307087,0.4523847796327581,0
538,Pb80,12.0,14.026587,0.848852901113172,0
539,Pb70,20.0,20.206276,1.162165060222173,1
540,Pb60,33.0,32.723293,2.2004846792648864,1
541,Pb50,43.0,38.51113,6.978116970674097,0
542,Pb40,40.0,38.973526,8.894089342607227,1
543,Pb30,32.0,34.177437,4.621243296656996,1
544,Pb25,26.0,28.66901,3.364820922069356,1
545,CABS7,13.0,15.205721,2.247539168618431,1
546,NABS7,64.0,54.742958,12.292545052744883,1
547,CABS21,21.0,22.019379,1.0979337047145306,1
548,NABS21,45.0,43.502518,3.5286886137543827,0
549,BBS433,55.0,54.622738,1.7485470429632106,0
550,BBS352,52.0,52.333023,0.9157540566199944,1
551,BBS252,48.0,47.942535,0.7429598636060673,1
552,,88.8,90.80575,4.933608203599727,1
553,B2,100.0,100.55014,0.7542311969782127,1
554,B23,100.0,99.90434,0.9813629183204077,1
555,B3,100.0,99.65653,0.8240890691190879,1
556,B6,91.0,89.7918,1.4473393960466445,1
557,B7,83.0,85.647194,1.6509945809344146,1
558,B9,76.0,74.64708,3.3292800207909052,1
559,B10,57.0,58.02902,2.954039175418957,1
560,B11,52.0,52.09135,3.077415746930414,1
561,B1112,28.0,34.75491,5.069833222877264,1
562,K0,0.0,-0.14819534,0.30767463822719854,1
563,K8,4.0,3.8144588,0.4112899575147535,1
564,K13,11.0,12.399239,1.9102612878511818,1
565,K18,15.0,18.584526,3.5120647010137693,1
566,K23,22.0,23.260027,1.4909491122031917,1
567,K28,35.0,34.430893,1.515799365841722,1
568,K33,40.0,40.794758,0.9920335728933295,1
569,K38,40.0,37.457767,0.5048323181920017,0
570,B12.5,48.5,43.235687,5.798553105130699,1
571,B12.5-Mg5,38.0,38.27709,1.140330938098252,1
572,B12.5-Mg10,38.0,36.26615,0.6260649960452717,0
573,B12.5-Sr5,37.0,42.03445,5.06776555278701,1
574,B12.5-Sr10,39.0,40.105106,2.5154962490687787,1
575,B12.5-Mg5-Sr10,37.0,37.458157,0.7507215269306753,1
576,LiB-70,46.0,43.883236,1.63442967998833,1
577,LiB-90,41.0,39.79058,1.75752570362416,1
578,CsB-70,34.0,39.083076,9.197276464391079,1
579,CsB-90,25.0,38.90702,8.331241940708676,1
580,a1.00,39.69072983314017,44.89746,5.5889896464759845,1
581,a0.75,36.36800052369921,36.063126,2.523770637821257,1
582,a0.60,35.72513084329172,35.582478,1.800273299383593,1
583,a0.50,36.77119491675001,36.50369,1.5062767002771138,1
584,a0.40,37.74083369501632,37.811207,1.2981497596096983,1
585,a0.25,39.51835034598316,40.06566,1.0840856035985138,1
586,a0.00,38.59856336147169,43.69081,0.8704447685341448,0
587,b0.75,40.79934068265457,45.724873,2.7072653943913982,1
588,b0.50,43.14026626172337,42.999146,1.184158159475616,1
589,b0.25,38.15454115348809,38.48654,0.734709418163664,1
590,b0.00,36.90118600411817,32.150536,0.5919003513929041,0
591,Zhong-Li-0.167,16.165,16.898329,0.6830749041232997,1
592,Zhong-Li-0.334,31.692,32.864265,0.7838598742466428,1
593,Zhong-Li-0.5,38.934,43.59434,1.1349380501269641,0
594,Zhong-Li-0.667,44.831,44.318813,1.5707746568838077,1
595,Zhong-Li-0.818,39.977,41.646275,1.7667713684701891,1
596,Zhong-Na-0.167,15.437,23.098822,7.169842099002437,1
597,Zhong-Na-0.334,29.209,41.360653,9.024413827369562,0
598,Zhong-Na-0.5,37.7,45.965916,5.567886641790013,0
599,Zhong-Na-0.667,38.412,42.984684,4.0477241115446425,0
600,Zhong-Na-0.818,33.653,36.915028,3.8565126760506403,1
601,Zhong-K-0.167,15.548,15.602074,1.106365297018007,1
602,Zhong-K-0.334,28.688,30.988518,3.489580562360773,1
603,Zhong-K-0.5,33.858,39.445683,5.722425955376024,1
604,Zhong-K-0.667,31.787,34.946373,1.4858225028621328,0
605,Zhong-K-0.818,29.826,30.258896,0.922468905529367,1
606,Zhong-Rb-0.167,15.121,15.077118,0.37273731835940077,1
607,Zhong-Rb-0.334,27.755,27.910042,0.5209066231331643,1
608,Zhong-Rb-0.5,31.992,32.159023,0.4760429063428868,1
609,Zhong-Rb-0.667,28.893,29.235857,0.3714875098203638,1
610,Zhong-Rb-0.818,27.96,28.424406,0.3433915671741643,1
611,Zhong-Cs-0.167,14.41,16.354465,1.8829199625583755,1
612,Zhong-Cs-0.334,25.589,28.715744,3.371630173726533,1
613,Zhong-Cs-0.5,27.96,36.70068,5.93567910229847,0
614,Zhong-Cs-0.667,27.66,38.974976,8.897805473318408,1
615,Zhong-Cs-0.818,23.723,39.092934,9.149539469774586,1
616,Silver-Na-0.767,0.6910000000000001,0.49086565,0.3107280955080192,1
617,Silver-Na-2.17,3.432,2.6980572,0.35982820614607586,1
618,Silver-Na-4.82,7.161,6.954031,0.5593215277926811,1
619,Silver-Na-10.02,19.497,14.66922,2.72597632535162,1
620,Silver-Na-13.66,27.6,21.730244,6.549225052479906,1
621,Silver-Na-16.15,34.735,26.969536,8.572418952851883,1
622,Silver-Na-19.95,43.16,34.243492,9.777468819317487,1
623,Silver-Na-26.31,49.973,42.629425,8.57463947316403,1
624,Silver-Na-33.75,55.798,45.965096,5.415011912266056,1
625,Svanson-K-7.67,9.65187,8.229998,0.575651953596162,0
626,Svanson-K-12.24,14.50387,14.548353,1.3719589228506068,1
627,Svanson-K-15.45,16.763,16.160616,0.9884507024230709,1
628,Svanson-K-22.50,26.77506,26.373009,2.165227066847055,1
629,Svanson-K-30.53,45.69528,38.2677,6.286370396208925,1
630,Kroeker-Cs-3.4,4.867,4.5550632,0.38621333076278613,1
631,Kroeker-Cs-9.12,13.011,11.66844,0.996521371496897,0
632,Kroeker-Cs-16.54,22.159,18.530945,2.202694235637068,1
633,Kroeker-Cs-23.07,31.974,26.226227,3.0507253249559456,0
634,Kroeker-Cs-24.29,33.012,27.769503,3.2404498567091236,1
635,Kroeker-Cs-32.31,40.101,36.033466,5.49126224511095,1
636,Kroeker-Cs-33.37,39.204,36.721054,5.950855774963434,1
637,Kroeker-Cs-35.01,38.166,37.590496,6.7177788610943745,1
638,LAWA44,68.0,68.67987,0.5052623303668854,1
639,LAWABP1,70.0,70.62715,0.5475355744883327,1
640,HLP-9,66.0,66.53545,2.129180695689241,1
641,LAWE-1A,67.0,64.51788,0.5169788722571778,0
642,LAWE-95A,53.0,53.477116,0.502828456620011,1
643,LAWE-290A,56.0,56.487804,0.5651220566642876,1
644,NeB1,12.7,12.607414,0.5195436280374087,1
645,NeB2,39.7,38.137146,1.2167961964133818,1
646,NeB3,55.1,55.419746,3.583022675542808,1
647,NeB4,62.2,63.046406,10.913433610175483,1
648,1% Al,12.0,12.499098,1.0551493475093257,1
649,1.5% Al,11.0,10.196466,0.9835315211521237,1
650,2% Al,7.0,8.136972,0.9190414650315825,0
651,4% Al,2.0,2.3266544,0.7387928408637413,1
652,Lee-XMa0-non-enriched,0.0,0.011331487,0.621382385964275,1
653,Lee-XMa0.25-non-enriched,12.0,11.648331,1.0929907413679194,1
654,Lee-Xa0.5-non-enriched,38.0,41.30099,3.0499256022759966,1
655,Lee-XMa0.75-non-enriched,51.0,59.71888,5.945805913202144,1
656,Lee-XMa1-non-enriched,57.0,62.540943,9.896285036740302,0
657,Lee-XRd0.1-non-enriched,0.0,11.893282,6.438951034166706,1
658,Lee-XRd0.25-non-enriched,28.0,24.464918,10.361933886142818,1
659,Lee-XRd0.5-non-enriched,48.0,51.464546,16.442498230417495,1
660,Lee-XRd0.75-non-enriched,52.0,68.46559,16.393363010986384,1
661,Lee-XRd1-non-enriched,65.0,73.06092,10.218767402990853,1
662,CABS5-0.0001GPa,2.7,5.788084,4.834886308385917,1
663,CABS5-1GPa,7.0,5.7880764,4.834886308385917,1
664,CABS5-2GPa,11.7,5.7880764,4.834886308385917,0
665,CABS10-0.0001GPa,3.6,8.281847,5.694776833592083,0
666,CABS10-1GPa,8.0,8.281843,5.694778123467374,1
667,CABS10-2GPa,16.3,8.281843,5.694778123467374,1
668,CABS15-0.0001GPa,4.4,11.0444145,6.394908887319106,0
669,CABS15-1GPa,9.1,11.0444145,6.394908887319106,1
670,CABS15-2GPa,17.0,11.0444145,6.394908887319106,1
671,CABS20-0.0001GPa,5.7,13.20776,6.546584032823139,1
672,CABS20-1GPa,11.2,13.20776,6.546584032823139,0
673,CABS20-2GPa,18.2,13.20776,6.546583387885494,0
674,CABS25-0.0001GPa,6.4,13.636961,5.3110015283622625,1
675,CABS25-1GPa,12.7,13.636961,5.3110015283622625,1
676,CABS25-2GPa,22.1,13.636961,5.3110015283622625,1
677,NBS-10-10-80,75.5,72.66426,12.211620856785805,1
678,NBS-10-20-80,48.4,47.41487,5.760578531648388,1
679,NBS-10-30-60,34.8,32.52947,2.429423677123119,1
680,NBS-10-60-30,18.9,19.545826,0.7927092249097457,1
681,NBS-10-70-20,16.6,16.058624,0.891652898056271,1
682,NBS-10-80-10,15.1,13.563257,1.09971727977211,1
683,NBS-20-10-70,87.2,78.09729,12.861995326254172,1
684,NBS-20-20-60,72.7,64.52227,10.904245828483104,1
685,NBS-20-30-50,59.9,53.06328,7.509813239375708,1
686,NBS-20-40-40,48.7,43.49042,5.1222363413562,1
687,NBS-20-50-30,40.7,38.051884,4.576535896628454,1
688,NBS-20-60-20,35.1,33.87198,4.566696727914503,1
689,NBS-30-10-60,79.0,73.34201,6.100633513915524,1
690,NBS-30-20-50,70.1,68.14913,6.213080327155132,1
691,NBS-30-30-40,62.8,56.621502,10.652821402096585,1
692,NBS-30-60-10,45.8,38.264744,6.329354200380883,1
693,NBS-40-10-50,59.6,62.873756,5.221028212304506,0
694,NBS-40-30-30,50.0,50.960136,10.898842540892288,1
695,NABS-10-5-10-75,42.3,37.194565,15.68960060325498,1
696,NABS-10-5-20-65,24.5,21.049067,7.369427082411855,1
697,NABS-10-5-30-60,16.9,14.212973,3.430423334393318,1
698,NABS-10-5-35-50,13.8,12.720444,1.4359849463354841,0
699,NABS-10-5-45-40,12.4,12.086145,0.8109615245870814,1
700,NABS-10-5-55-30,10.6,10.711569,0.6207491781225756,1
701,NABS-10-5-65-20,9.8,10.016096,0.605861759991448,1
702,NABS-10-5-75-10,9.8,9.123064,0.6128953290233183,1
703,40L30B30S,57.5,55.039707,0.7012672245996393,0
704,40L50B10S,52.2,52.46719,0.6730042027947509,1
705,60L25B15S,25.5,24.807627,0.4304399297768906,1
706,Lv-K2.0-0.75,62.8,61.698395,1.2775327960565301,1
707,Lv-Na2.0-0.75,60.4,57.131706,9.050610549576692,1
708,Lv-K4.0-0.75,68.1,69.13542,1.4542315221912194,0
709,Lv-RbNa4.0-0.75,65.1,66.16131,1.336907287393185,1
710,Lv-Na4.0-0.75,61.8,62.669456,7.571838182582189,1
711,Lv-MgNa4.0-0.75,31.3,31.333508,0.6693263249476455,1
712,Lv-LiNa2.02.1,54.7,44.165535,0.61029659309091,0
713,Lv-Na2.0-0.26,27.0,25.587233,2.2562292196831892,1
714,Lv-Na2.0-0.5,47.6,46.743443,3.3677308807241375,0
715,Lv-Na2.0-2.5,41.1,42.900993,8.967051138399654,1
716,Lv-Na4.0-1.2,73.3,70.14641,12.43780306867997,1
717,Lv-CaNa0.5-0.5,41.9,45.71437,2.6539434010025778,1
718,Lv-CaNa2.0-0.5,40.4,40.444775,0.8232352522941546,1
719,Lv-CaNa4.0-1.2,55.2,55.462223,0.8998882680812197,1
720,Lv-CaNa4.0-2.0,59.1,60.053078,2.258290440396993,1
721,Lv-CaNa4.0-3.3,47.2,48.468365,5.1812632919193415,1
722,Li2.0-0.75,56.3,56.923622,0.801166614719027,1
723,Na2.0-0.75,60.4,57.1639,9.057780321377491,0
724,K2.0-0.75,62.4,60.596767,3.770170358934909,1
725,Rb2.0-0.75,60.3,60.5278,0.8052931676241216,1
726,Mg2.0-0.75,36.1,36.512436,0.4983219145161321,1
727,Ca2.0-0.75,48.3,55.35546,0.833680501160107,0
728,Sr2.0-0.75,53.8,56.676197,1.825290269403387,1
729,Ba2.0-0.75,57.4,56.676197,1.825290269403387,1
730,Li4.0-0.75,53.9,54.91884,1.8325856428105731,1
731,Na4.0-0.75,62.3,62.88005,7.648509659709346,0
732,K4.0-0.75,66.7,65.173325,3.699181427398905,0
733,Rb4.0-0.75,65.1,66.56386,1.357282883032667,1
734,Mg4.0-0.75,31.3,31.36707,0.6734526360011234,1
735,Ca4.0-0.75,42.0,42.31758,1.5205414311118781,1
736,Sr4.0-0.75,51.7,54.257034,3.9066749586816067,1
737,Ba4.0-0.75,56.0,54.257034,3.906672701399849,0
738,Li2.0-2.1,54.7,55.03435,1.5495010661907018,1
739,Na2.0-2.1,48.7,54.69974,7.231591008896808,1
740,K2.0-2.1,43.9,44.19469,0.6107759429956455,1
741,Rb2.0-2.1,40.6,41.06507,0.7145922812854638,1
742,Mg2.0-2.1,40.2,40.563583,0.47594362625414116,1
743,Ca2.0-2.1,45.3,48.75689,3.592244638930379,1
744,Sr2.0-2.1,50.1,51.178913,1.2762648486462242,1
745,Ba2.0-2.1,51.7,51.178913,1.2762648486462242,1
746,Li4.0-2.1,69.0,69.69555,1.3246681444673314,1
747,Na4.0-2.1,69.7,72.11016,5.655828404265641,1
748,K4.0-2.1,69.0,69.3892,1.1587164980165108,1
749,Rb4.0-2.1,66.2,66.61071,1.1259573740358737,1
750,Mg4.0-2.1,45.9,45.71559,0.5918048603128235,1
751,Ca4.0-2.1,58.2,59.497013,2.8130251716575803,1
752,Sr4.0-2.1,65.9,72.333565,5.514248467720672,1
753,Ba4.0-2.1,68.9,72.33357,5.514249757595962,0
754,pLi4.0-0.75,29.5,30.392164,0.7511191309888918,1
755,pK4.0-0.75,68.1,69.56108,1.4683411455223323,0
756,pRb4.0-0.75,67.1,67.1406,0.5288270620442802,1
757,pLi2.0-2.1,51.7,48.270576,1.2333128076532882,0
758,pK2.0-2.1,38.9,39.354015,0.633997446920028,1
759,pRb2.0-2.1,31.8,36.07087,0.32916629846156076,0
760,Rb,67.2,67.1334,0.5289795091801455,0
761,K,68.4,69.51782,1.4704637965468337,1
762,RbNa,67.0,66.571785,1.3578226958416326,1
763,KNa,67.1,67.780754,0.5950385776654553,1
764,Na,63.6,62.859653,7.646414257300351,0
765,LiNa,55.2,54.922318,1.8335227372089324,1
766,BaNa,56.8,54.260437,3.9088709713632404,1
767,SrNa,52.1,54.260437,3.9088709713632404,1
768,MgNa,30.2,31.36635,0.6735631621900559,1
769,Na2.0-0.75,60.4,57.131706,9.050610549576692,1
770,Na4.0-0.75,61.8,62.669456,7.571838182582189,1
771,MgNa4.0-0.75,31.0,31.333508,0.6693263249476455,1
772,MgNa4.0-2.1,44.5,45.700024,0.5917960730374088,1
773,ISG-C,50.0,48.252514,5.569655060812932,0
774,ISG-A00,64.0,65.137985,3.327877281412769,1
775,ISG-A12,23.0,32.05815,1.340088119858917,0
776,ISG-A22,7.0,6.588373,0.5269280431482244,1
777,ISG-A00N,56.0,54.889103,2.100120127868956,1
778,ISG-A11N,37.0,43.794666,5.999746563027046,1
779,ISG-A18N,13.0,12.472473,1.145999939998857,1
780,ISG-A23N,3.0,2.829504,0.5900742910679525,1
781,NaBSi1,95.4,86.610634,5.2679335598276165,1
782,NaBSi2,87.9,72.582634,8.041143828432535,1
783,NabSi3,53.1,60.76696,9.326756725775951,1
784,NaBSi4,18.2,51.57751,17.486236938023332,1
785,NaBSi5,20.2,47.906525,16.983389375125583,1
786,BNaSi1,15.2,14.954954,5.016443027332472,1
787,BNaSi2,21.2,41.771664,7.8478889080099705,1
788,BNaSi3,55.3,61.067936,7.0651222836890115,1
789,BNaSi4,80.5,68.41811,8.316212958764444,0
790,BNaSi5,92.1,68.23176,8.574129972424386,1
791,0BNCZ,46.82,38.73384,9.751038629682824,1
792,5BNCZ,46.83,47.229733,0.334568840343224,1
793,10BNCZ,46.44,46.8807,0.3169811489091845,1
794,15BNCZ,45.7,46.16442,0.30387966388890114,1
795,20BNCZ,45.03,45.452003,0.2980685943176572,0
796,LBS,57.0,57.894077,0.5635706591589514,1
797,NBS,88.0,71.654076,13.298420761081012,1
798,KBS,92.0,92.4401,0.7260164648795027,1
799,RBS,93.0,79.55747,0.5207270483076012,0
800,CBS,97.0,97.16126,0.6874475813572134,1
801,LNBS,70.0,70.524925,1.211267790919413,1
802,RCBS,97.0,97.42984,0.6506275268768728,1
803,N26M0,57.0,56.120087,3.009415456441896,1
804,N19M8,37.0,36.718468,0.7795100116819252,0
805,N13M13,24.0,21.16507,0.4835467155352553,0
806,N8M19,7.0,7.010275,0.2951106079626157,1
807,N0M12,2.0,1.9176463,0.46363720827018096,1
808,N19C8,46.0,46.922905,1.849459146419848,1
