,glass_name,y_true,y_pred,is_train
0,S462.6(5),16.9,18.429848292558287,1
1,S462.6(9),26.0,26.995129801171373,1
2,S462.6(14),29.5,33.52432318411107,0
3,S462.6(18),31.6,32.32393816583554,1
4,S462.6(28),33.5,33.66847587826035,1
5,S462.6(37),34.0,34.01947296102157,1
6,S462.6(46),33.4,33.93204401846213,1
7,S464.0(2),36.5,30.259337118828697,0
8,S464.0(5),38.8,38.503081438413176,1
9,S464.0(7),41.1,38.92991672109526,1
10,S464.0(10),42.4,46.666191399176576,0
11,S464.0(15),43.2,42.34129052294667,1
12,S464.0(19),43.3,42.584564771737114,1
13,S464.0(24),43.3,43.56685175823498,1
14,S464.0(39),41.9,41.720623457065116,1
15,BN0.11,11.6,12.40056049222769,1
16,BN0.25,32.0,29.461616799084197,1
17,BN0.50,43.0,43.32562250699325,1
18,BN0.67,43.8,40.54195190290539,1
19,NBS2-0.25(33),23.0,22.053552192477355,1
20,NBS2-0.50(33),45.0,45.63011610411784,1
21,NBS2-0.75(33),58.1,59.566296357209424,1
22,NBS2-2.50(33),35.0,39.12698987425284,1
23,NBS0.5-0.50(67),42.0,42.279653671383,0
24,NBS5.10-1.31(16),83.0,79.30743946985173,1
25,NBS4-4.00(20),38.0,41.929748917017456,1
26,0Zr10Na,61.0,59.0305829676622,1
27,4Zr10Na,47.0,51.837171814029766,1
28,0Ca,73.0,70.9286725637462,1
29,3Ca,67.0,70.82265386005426,0
30,6Ca,61.0,62.0541240127681,0
31,9Ca,51.0,56.021241302797065,0
32,0Zr,73.0,69.7225934109417,1
33,1Zr,71.0,61.43258784868912,0
34,2Zr,68.0,60.48856317901999,1
35,4Zr,64.0,58.84410683021197,1
36,6Zr,56.0,60.76435136061157,1
37,8Zr,53.0,55.95116158866669,1
38,0Ca0La,71.0,70.3571758346265,1
39,0Ca1La,66.0,72.00800408828621,0
40,0Ca2La,62.0,68.31324957920336,1
41,0Ca4La,52.0,56.28446724586962,1
42,0Ca8La,41.0,45.10810002686015,1
43,0Ca10La,35.0,44.818884985035496,1
44,4Ca0La,64.0,68.2014279370295,1
45,8Ca0La,57.0,61.87974464057547,1
46,10Ca0La,53.0,53.60506002782079,1
47,17O 12La,57.0,59.11647998845447,1
48,17O 5Ca4La,54.0,60.770722469272954,1
49,CABS5,4.0,0.0,0
50,CABS10,4.0,2.981940610001054,1
51,CABS20,6.0,6.24340619349605,1
52,CABS25,7.0,9.017390256618441,1
53,Na-I,2.6,4.4347505672195595,1
54,Ca-I,10.8,8.418105269907379,0
55,Mg-I,8.0,7.109882055783622,1
56,Na-II,13.7,12.648260036229633,1
57,Ca-II,12.0,13.755053203960156,1
58,Mg-II,8.9,8.159837104582316,1
59,LBS,45.0,46.656586614921586,1
60,NBS,56.7,56.33937810882648,1
61,KBS,60.0,59.208131828589984,1
62,LN-BS,55.2,52.32468266251159,1
63,LK-BS,52.3,60.40070188713148,0
64,NK-BS,55.7,54.37801545024389,1
65,HF-1,75.5,56.389595351135455,0
66,HF-2,72.4,53.91866996875821,0
67,HF-3,69.7,57.63573838603625,0
68,HF-4,65.4,62.412471103286975,1
69,HF-5,60.2,59.852073898578865,1
70,AB-0,29.5,30.550831098422904,1
71,AB-5,24.2,27.038504436842437,1
72,AB-10,18.5,30.681609405907626,0
73,AB-15,13.6,11.15236760178874,1
74,AB-20,10.0,10.029255659722011,1
75,AB-25,8.0,7.196225230442458,1
76,NB-15,9.4,5.667054583605733,0
77,NB-25,13.1,11.777304113182463,0
78,NB-30,19.4,15.32998825058733,0
79,NB-35,22.8,21.379954032552806,1
80,NB-40,18.6,18.939185595540266,1
81,NB-45,12.3,12.956713566864192,0
82,NB-50,4.0,3.149270630232536,1
83,B7N20,62.0,56.545657390423244,1
84,B7N15,44.0,41.690027976284455,0
85,B7N10,28.0,29.155353473295182,1
86,B7N05,19.0,16.322156869162544,0
87,B7N00,15.0,16.223567375305674,1
88,B21N20,51.0,44.641476216211146,1
89,B21N15,36.0,36.03983202427055,1
90,B21N10,32.0,32.37870804849869,1
91,B21N05,27.0,22.628339151347642,1
92,B21N00,21.0,22.0332346016543,1
93,Al0,94.9,95.59298701634111,1
94,Al1,93.2,92.47539138631348,1
95,Al2.5,94.6,93.85043855473089,1
96,Al5,91.6,65.5987248452102,0
97,Al7.5,83.1,66.7579212486281,0
98,Al10,74.4,72.80748169642244,1
99,Al12.5,43.6,41.566076506567484,1
100,Al15,19.9,22.212488626547362,1
101,Al17.5,1.0,7.002357825479571,0
102,Al20,0.8,3.0238723092130186,1
103,LB2,46.0,43.96414497545063,1
104,NB2,43.0,43.69027187032124,1
105,KB2,40.0,39.018004948538504,1
106,NB25,35.1,35.688060912404154,1
107,NB30,41.6,42.248525240242216,1
108,NB33,43.4,43.32562250699325,1
109,NB37.5,41.1,40.55513478025942,0
110,BB25,34.1,28.812879338035238,0
111,BB30,39.5,38.323460005186604,1
112,BB33,43.1,40.901461422243976,1
113,BB40,44.5,42.882815759964316,1
114,BB50,35.9,36.52788267776356,1
115,CB25,32.9,33.50505416884112,1
116,CB30,36.7,37.44131981016705,1
117,CB33,39.4,38.5721799766554,1
118,CB40,41.9,38.72233100370397,0
119,CB50,38.3,38.87550546863962,1
120,75B,39.9,42.321666847412864,0
121,63B-12Si,45.3,42.49275202708559,1
122,51B-24Si,48.9,47.2844766762779,1
123,37B-37Si,53.5,48.021141708855154,1
124,24B-51Si,65.5,64.69742817787568,1
125,12B-63Si,75.8,75.20435796914886,1
126,6B-69Si,80.8,78.35692572227492,1
127,Li10,11.2,13.81222582417854,1
128,Li15,17.7,16.922489492088456,1
129,Li20,25.0,25.124034512768574,1
130,Li25,32.9,32.40504739863107,1
131,Li30,39.7,39.414260647322656,1
132,Li35,42.9,42.75057160955389,1
133,Li40,43.4,43.94777991995684,1
134,Li48,38.4,39.12160851493178,1
135,BABS27_FQ,27.0,28.69559397516049,1
136,BABS27_WQ,30.4,30.41871759551388,1
137,BABS27_FQ-AN,40.7,29.769496550264858,0
138,BABS21_FQ,28.8,31.605279972976387,1
139,BABS21_WQ,32.0,32.48234024679019,0
140,BABS21_FQ-AN,35.6,34.59823637776307,1
141,Cm doped ISG,58.0,57.38281318559992,1
142,NBF67.18.0,71.0,71.12235726543946,1
143,NBF67.18.1,70.0,72.15103973770582,1
144,NBF67.18.1-R12,75.0,71.23890615398446,1
145,NBF67.18.5-800,70.0,67.88049687657838,1
146,NBF67.18.5-R5,72.0,69.36745639571362,1
147,NBF67.18.5-R17,76.0,69.44910391210088,1
148,NBF67.18.10-R5,68.0,68.19382749201537,1
149,NBF67.18.10-R15,74.0,69.23761919196366,1
150,Zr0La,46.6,45.62547022864297,1
151,Zr1La,41.6,41.40764268523161,1
152,Zr2La,37.0,37.70011855507031,1
153,Zr3La,29.2,30.84214942057078,1
154,Priven-1,64.0,59.211550585366496,1
155,Priven-2,61.0,59.23974843330565,0
156,Priven-3,60.0,59.419642434719236,1
157,Priven-4,66.0,59.419642434719236,1
158,BSN,64.0,64.29839322192112,1
159,BSNC,61.0,59.46802319199065,1
160,BSNS,62.0,60.28752434726557,1
161,BSNB,63.0,60.28752434726557,1
162,NABS-Zr,22.0,29.2259982880165,1
163,NABS21,45.0,44.641476216211146,1
164,BS3,73.7,71.49606322777014,1
165,BS6,49.4,47.69959361799304,1
166,1,1.0,0.0,1
167,2,5.0,9.47672361229062,1
168,3,2.0,0.6281990752873554,0
169,4,16.0,19.72110074452495,1
170,5,67.0,66.92457122072099,1
171,6,24.0,28.614604761283402,1
172,7,85.0,75.72278076931191,1
173,8,50.0,53.0707086810643,1
174,9,39.0,37.489452230645476,0
175,10,64.0,70.52446490474837,1
176,11,77.0,70.52446490474837,1
177,12,70.0,72.52236099966935,1
178,13,72.0,72.52236099966935,1
179,14,42.0,52.182567022163404,1
180,15,51.0,52.182567022163404,1
181,16,28.0,28.645830085978876,1
182,17,28.0,30.759738192031364,1
183,18,34.0,31.61651745270542,1
184,19,28.0,34.213620952284856,1
185,20,41.0,40.10163084082788,1
186,21,38.0,39.280673477908,1
187,22,48.0,49.50172375613332,1
188,23,59.0,55.98682853547739,1
189,24,59.0,67.74673073682622,1
190,25,67.0,67.74673073682622,1
191,26,30.0,39.409635229960486,1
192,27,55.0,39.409635229960486,0
193,28,26.0,31.607610477008574,1
194,29,32.0,35.11212231496853,1
195,30,38.0,42.279653671383,1
196,31,45.0,48.02670789287469,1
197,32,45.0,47.23584831549316,1
198,33,70.0,64.62560068939737,0
199,34,73.0,64.62560068939737,0
200,35,50.0,62.52966390697268,1
201,36,68.0,68.98420395213557,1
202,37,33.0,37.77729890226975,1
203,38,27.0,37.0132775566086,1
204,39,35.0,42.77271551116535,0
205,40,43.0,45.68897182228275,1
206,41,44.0,52.04076463776293,1
207,42,62.0,52.04076463776293,1
208,43,50.0,70.39470139148972,0
209,44,57.0,57.44377658948693,0
210,45,39.0,40.992336381757994,0
211,46,45.0,40.992336381757994,0
212,47,40.0,44.96899348798183,0
213,48,30.0,47.53161187305094,0
214,49,44.0,53.134664801004874,1
215,50,49.0,60.38323869865725,0
216,51,60.0,61.10612192443443,1
217,52,18.0,38.05673488127031,1
218,53,55.0,52.44074274755896,1
219,54,50.0,55.661014606593234,1
220,a)-R0.11,11.6,12.685937572519162,1
221,a)-R0.177,16.0,19.18132907415355,1
222,a)-R0.205,22.5,25.36304254475101,1
223,a)-R0.250,28.0,30.550831098422904,1
224,a)-R0.282,27.5,30.044941134007423,1
225,a)-R0.333,38.0,37.664505836616684,1
226,a)-R0.370,34.0,39.79096941462813,1
227,a)-R0.408,38.0,42.10159100751008,0
228,a)-R0.450,42.0,43.36383137977297,1
229,a)-R0.5,43.0,43.4788675832238,1
230,a)-R0.667,44.5,41.998318541959954,1
231,a)-R1.85,9.700000000000001,8.08675537670048,0
232,a)-R2.0,8.0,7.435314949330767,1
233,a)-R2.33,2.9,4.1403957680250585,1
234,1,11.0,13.802832710307623,1
235,2,21.0,27.842146327581737,0
236,3,33.0,34.81370949847219,1
237,4,45.0,42.96736255777397,1
238,5,50.0,47.10151667993492,1
239,6,49.0,47.286420897499355,0
240,7,47.0,46.331725156609075,1
241,8,45.0,44.894359455293895,1
242,9,41.0,39.57781694887902,1
243,10,12.0,13.918016784131641,1
244,11,22.0,23.498639055422835,0
245,12,35.0,35.21917365092005,1
246,13,45.0,37.829852043265255,1
247,14,54.0,41.5218195074432,0
248,15,55.00000000000001,52.21905247125599,1
249,16,54.0,51.59404570039543,1
250,17,54.0,50.91170673716007,0
251,18,51.0,50.80650966981065,1
252,19,47.0,45.65901053809091,1
253,20,38.0,44.7913806959292,1
254,21,20.0,19.932136742767074,0
255,22,31.0,31.91289330046262,1
256,23,45.0,45.307911422472934,1
257,24,55.00000000000001,54.69727837190099,1
258,25,61.0,59.23974843330565,1
259,26,60.0,59.419642434719236,0
260,27,60.0,59.59077463632438,0
261,28,57.99999999999999,64.29839322192112,1
262,29,53.0,53.92465825144997,1
263,30,39.0,38.9278097134507,1
264,31,65.0,62.14410283535321,1
265,32,64.0,61.24085748661825,1
266,33,64.0,55.69833767136025,1
267,34,61.0,65.86173706567968,1
268,35,55.00000000000001,64.21249902805181,1
269,36,44.0,45.37917396556095,1
270,K1-R0.2,25.0,24.027204768539793,1
271,K1-R0.32,34.0,35.67972904356123,1
272,K1-R0.352,40.0,37.489452230645476,1
273,K1-R0.4,42.0,39.174705887458245,1
274,K1-R0.5,48.0,38.26394850766029,1
275,K1-R0.66,56.00000000000001,44.62385991326168,0
276,K1-R0.75,56.00000000000001,51.815613876613604,1
277,K1-R0.86,57.99999999999999,53.353127546282444,1
278,K1-R1,62.0,52.7528524746338,1
279,K1-R1.5,53.0,47.646180685192924,1
280,K2-R0.15,15.0,16.687101838841755,1
281,K2-R0.25,27.0,22.053552192477355,0
282,K2-R0.33,35.0,32.423019840060164,1
283,K2-R0.5,49.0,45.66672518787533,1
284,K2-R0.6,54.0,54.84393229439118,1
285,K2-R0.636,56.99999999999999,56.33937810882648,0
286,K2-R0.64,55.00000000000001,56.29345902694603,1
287,K2-R0.7,56.99999999999999,59.38640235579584,1
288,K2-R1,67.0,64.62560068939737,1
289,K2-R1.22,66.0,58.83713298186753,1
290,K2-R1.7,63.0,59.76537253248355,1
291,K2-R2,63.0,52.44074274755896,1
292,K2-R2.26,56.99999999999999,55.1789997600415,1
293,K2-R2.5,52.0,43.42159260621651,1
294,K2.41-R0.15,17.0,19.76482532570632,1
295,K2.41-R0.25,26.0,28.672017007650076,1
296,K2.41-R0.379,38.0,40.24339687771123,0
297,K2.41-R0.59,54.0,52.06789562980325,1
298,K2.41-R0.723,57.99999999999999,52.8954048225828,1
299,K2.41-R0.852,59.0,58.805797196736464,0
300,K2.41-R1.136,65.0,66.89674180056082,1
301,K2.41-R1.29,69.0,67.28852369784632,1
302,K2.41-R1.46,70.0,68.03368723824732,1
303,K2.41-R1.75,68.0,63.61718077207033,1
304,K2.41-R2.26,61.0,57.457566924709376,1
305,K3-R0.15,18.0,16.578177978729553,1
306,K3-R0.25,28.0,20.59644864653776,0
307,K3-R0.379,37.0,32.66704513530465,1
308,K3-R0.5,50.0,50.382884782009306,1
309,K3-R0.545,51.0,49.45569690990337,0
310,K3-R0.75,61.0,61.22843423559655,1
311,K3-R1,67.0,55.98682853547739,0
312,K3-R1.263,69.0,65.39253649321417,1
313,K3-R1.6,73.0,71.25052695076347,1
314,K3-R1.7,71.0,71.25052695076347,1
315,K3-R2.25,66.0,60.10171192677254,1
316,K4-R0.333,37.0,34.704869138740996,1
317,K4-R0.714,68.0,67.24331816401006,1
318,K4-R1,71.0,71.73113871933637,1
319,K4-R1.153,66.0,71.61820664559859,0
320,K4-R1.666,77.0,73.20681495846125,1
321,"K4-R2,27",76.0,71.73935431927615,1
322,K4-R2.56,73.0,72.72710030253091,1
323,K4-R3,68.0,65.0851608437587,1
324,K4-R3.88,56.99999999999999,54.64212815258,1
325,NAB10,13.0,15.301885199285941,1
326,NAB15,18.0,18.522832471537985,1
327,NAB20,33.0,20.14279222632298,0
328,NAB40,68.0,47.391419522859934,0
329,NAB60,78.0,63.18287990062204,0
330,NAB80,83.0,80.86979045723297,1
331,NBS,85.0,83.16921286313719,1
332,LiB5,10.0,10.16415720479208,1
333,LiB10,11.0,11.419799978837368,1
334,LiB15,17.0,15.806991831573082,1
335,NBS-K0.5R0.25,23.2,29.155349145357093,0
336,NBS-K0.5R0.5,42.7,42.279653671383,0
337,NBS-K0.5R0.75,48.7,47.65006552849653,1
338,NBS-K2R0.25,18.7,22.053552192477355,1
339,NBS-K2R0.5,40.4,45.63011610411784,1
340,NBS-K2R0.75,56.6,59.566296357209424,1
341,NBS-K4R0.25,19.2,19.68504226997848,1
342,NBS-K4R0.5,41.2,39.35751269097794,0
343,NBS-K4R0.75,56.3,63.671620269191045,1
344,1,25.0,23.93386000594646,1
345,2,13.0,11.816737062968787,1
346,3,3.0,5.795771373232171,1
347,4,0.0,0.0,1
348,5,52.0,53.92465825144997,1
349,6,43.0,49.32143788462108,1
350,7,35.0,38.9278097134507,0
351,8,22.0,17.759841612975027,0
352,9,2.0,0.7938650383344381,0
353,10,0.0,1.207471967653703,1
354,11,64.0,65.86173706567968,1
355,12,57.99999999999999,64.21249902805181,0
356,13,49.0,50.07560840276959,1
357,14,40.0,45.37917396556095,0
358,15,22.0,21.11632546894775,1
359,16,1.0,3.5384439844846014,1
360,17,0.0,4.718661835374995,0
361,18,0.0,0.0,1
362,19,72.0,71.68412282719068,1
363,20,70.0,73.13988121190633,0
364,21,66.0,67.12345730067463,1
365,22,63.0,65.18776922716114,1
366,23,56.99999999999999,62.72640402025662,1
367,24,43.0,41.551155018568615,1
368,25,27.0,25.080609532907463,0
369,26,6.0,4.8167989456140035,1
370,27,0.0,0.0,1
371,28,81.0,83.0273897925394,1
372,29,79.0,79.00360549851786,1
373,30,79.0,80.23113149609544,1
374,31,75.0,69.98477621295339,1
375,32,62.0,61.085498758592394,1
376,33,50.0,49.48678424778918,1
377,34,27.0,23.86967969849413,1
378,35,16.0,15.931799088512275,1
379,ISG,45.0,50.53986472377599,1
380,ISGV,57.0,52.32596643352336,0
381,ISG-Si,81.0,70.04160091660017,1
382,BFS,29.0,21.574954996836095,0
383,BFS-Si,33.0,23.56744705462038,0
384,BFS-B1,28.0,28.238599387396967,1
385,BFS-B2,25.0,24.022946697772053,1
386,BASN1,31.0,32.00049824440228,1
387,BASN2,28.0,30.225256445016335,1
388,BASN3,52.0,53.905446300669354,1
389,BASN4,48.0,47.76492074933953,1
390,LJ1,38.0,38.11379235118238,1
391,LJ2,41.0,40.46753451379666,1
392,LJ3,36.0,34.23875775202978,1
393,LJ4,34.0,33.309057304633285,1
394,LJ5,34.0,37.41385534482057,0
395,LJ6,37.0,47.851938174023196,0
396,LJ2b Al,38.0,38.24729193289486,0
397,LJ4b Al free,42.0,45.93361422398309,1
398,K0.5-R0,0.0,17.367380705288067,0
399,K0.5-R0.4,42.0,35.84053344839239,1
400,K0.5-R0.8,49.0,46.331725156609075,1
401,K0.5-R1.0,47.0,39.57781694887902,1
402,K0.5-R1.2,39.0,38.722367034802446,1
403,K2.0-R0.45,38.0,40.48447541387344,1
404,K2.0-R0.6,45.0,54.69727837190099,0
405,K2.0-R1.0,60.0,64.29839322192112,0
406,K2.0-R2.0,45.0,49.32143788462108,1
407,K2.0-R2.5,33.0,38.9278097134507,1
408,Cs0,69.0,70.32303745402777,1
409,Cs2.42,70.0,65.87451002292931,0
410,Cs3.62,69.0,68.94640552170962,1
411,Cs4.83,70.0,68.50529528878107,1
412,Cs7.25,72.0,66.80520361433543,0
413,Cs9.66,75.0,73.87161339542442,1
414,U-0,77.1,75.84673021118708,1
415,U-2,74.4,72.76950947451232,1
416,U-3,72.7,70.1795422485851,1
417,U-4,71.1,70.8461896325631,1
418,U-5,63.1,63.69490092575734,1
419,Yamashita-Al2-B1-Na2,18.09631,17.03430083739364,1
420,Yamashita-Al1.5-B1.5-Na2,38.70814,42.77320767821457,1
421,Yamashita-AL1-B2-Na2,48.08484,49.5209638494334,1
422,Yamashita-Al0.5-B2.5-Na2,51.63278,52.414601650586114,1
423,Yamashita-B3-Na2,66.09908,59.21423324942354,1
424,Yamashita-B2-Na3,69.94268,73.42061829944124,0
425,Yamashita-Al0.5-B2-Na3,69.94268,78.31844281068823,0
426,Yamashita-Al0.5-B1.5-Na3,66.71152,68.69867102602625,0
427,Yamashita-Al1-B1-Na3,62.86792,64.93492071661868,1
428,Yamashita-Al1.5-B1-Na3,58.39076,53.9673891705055,0
429,Yamashita-Al2-B0.5-Na3,51.316,48.88937641083417,1
430,(NC)BS,64.0,64.8533576236883,1
431,(NC)ABS,72.0,59.59802083414132,0
432,S3,73.0,71.49606322777014,1
433,S4,52.0,52.21260380543176,1
434,S5,51.0,52.20493047209665,1
435,S6,47.0,48.20254750687094,1
436,Al0,29.0922,31.074805994189333,1
437,Al0.5,25.11473,25.280420133686725,1
438,Al1,25.08371,25.280420133686725,1
439,Al2,22.60555,25.235026016263223,0
440,Al3,20.5858,22.25624464265163,1
441,G1,41.0,42.64158043871585,1
442,G2,43.0,46.89897121347114,1
443,G3,54.0,49.81719899272256,1
444,G4,37.0,38.81229480813841,1
445,G5,17.0,22.69484967075636,1
446,G6,0.0,4.219395234326576,1
447,G7,0.0,0.0,1
448,G8,0.0,12.007744997552486,0
449,G9,4.0,2.284126412913153,1
450,SNB-K2.12-R0.43,34.0,38.49785524414292,1
451,SNB-K2.12-R0.56,48.0,49.71365024622796,1
452,SNB-K2.12-R0.8,54.0,58.940367838606655,1
453,SNB-K2.12-R1.06,61.0,64.05044542000958,0
454,SNB-K2.12-R1.36,57.0,56.32719558539235,1
455,SNB-K2.12-R0.72,49.0,50.43141223001199,1
456,Pyrex® ,26.0,27.412862514695775,1
457,E-glass,14.0,13.99380538734437,1
458,Bi40B,46.0,42.12986418412153,1
459,Bi40BSi5,46.0,43.22102056990751,1
460,Bi40BSi10,46.0,44.54105769724454,1
461,Bi40BSi20,46.0,44.47879279823367,1
462,Bi50B,45.0,41.76293176311153,1
463,Bi50BSi5,43.0,41.72299982975865,1
464,Bi50BSi10,43.0,41.16212534101189,0
465,Bi50BSi20,42.0,40.43056724978509,1
466,Bi50BAl2,41.0,40.51528639698238,1
467,Bi50BAl4,36.0,35.28105900803733,0
468,Bi50BAl6,34.0,34.00469915699377,1
469,Bi50BAl8,33.0,30.798178745325494,1
470,Bi50BAl2Si5,41.0,40.04723431531032,1
471,Bi50BAl2Si10,40.0,39.57620570256089,1
472,Bi50BAl2Si20,38.0,38.217367580507435,1
473,Bi50BAl4Si5,35.0,34.90601921004717,1
474,Bi50BAl4Si10,35.0,34.64490621433365,1
475,Bi50BAl4Si20,30.0,31.31242806217231,1
476,Bi50BAl6Si5,32.0,32.6767849486062,1
477,Bi50BAl6Si10,33.0,31.82771522399326,1
478,Bi50BAl6Si20,29.0,29.490420294512482,1
479,Bi50BAl8Si5,28.0,29.17721897255138,1
480,Bi50BAl8Si10,27.0,28.041206099323688,1
481,Bi50BAl8Si20,25.0,26.1374698419093,1
482,Li-R0.03,3.0,5.4930457353943325,0
483,Li-R0.1,12.0,12.744949827130096,0
484,Li-R0.2,21.0,22.176160149136347,1
485,Li-R0.3,32.0,30.51225264098705,1
486,Li-R0.4,38.0,39.43316501574506,0
487,Li-R0.5,43.0,42.802153968477036,1
488,Li-R0.7,44.0,44.060618904605754,1
489,Li-R0.9,40.0,40.79725389314203,1
490,Na-R0.03,3.0,2.662806403101108,1
491,Na-R0.1,10.0,8.784350870632771,1
492,Na-R0.2,22.0,25.149735655047873,1
493,Na-R0.4,38.0,42.248525240242216,0
494,Na-R0.7,39.0,38.640114643808325,1
495,Na-R0.8,33.0,36.646660898347726,0
496,K-R0.2,25.0,20.76468627013101,1
497,K-R0.54,40.0,39.018004948538504,1
498,K-R0.7,34.0,34.76753463266054,1
499,Rb-R0.1,12.0,13.700818347779425,1
500,Rb-R0.2,22.0,21.95518082764044,1
501,Rb-R0.48,41.0,36.69692277325849,1
502,Rb-R0.54,39.0,36.493419538497925,1
503,Rb-R0.7,34.0,33.38891334912502,1
504,Rb-R0.8,30.0,31.34432554449601,1
505,Cs-R0.03,5.0,5.509491646840075,1
506,Cs-R0.1,12.0,11.60611927640673,1
507,Cs-R0.2,23.0,23.571162855399177,0
508,Cs-R0.32,32.0,31.172317346163474,1
509,Cs-R0.4,39.0,38.323460005186604,1
510,Cs-R0.54,41.0,40.901461422243976,1
511,Cs-R0.6,40.0,40.66676224733911,1
512,Cs-R0.7,36.0,34.68682143100634,1
513,Cs-R0.8,35.0,28.402723034326407,0
514,Cs-R0.9,33.0,31.73713623978044,0
515,Cs-R1.1,28.0,29.03077683220144,1
516,Cs-R1.4,30.0,31.968108264504867,0
517,CABS-20_0.1,17.0,16.223567375305674,1
518,CABS-43_0.1,5.6,5.530019956587623,1
519,LABS-43_0.1,8.2,8.316949637172705,1
520,YABS-43_0.1,8.5,8.316949637172705,1
521,CABS-20_0.3,24.0,22.0332346016543,1
522,CABS-43_0.5,15.5,16.098156894800475,1
523,LABS-43_0.5,12.5,13.134507516968128,0
524,YABS-43_0.5,11.5,13.134507516968128,1
525,CABS-43_0.7,17.1,16.22355360203408,1
526,LABS-43_0.7,15.7,15.650601494454634,1
527,YABS-43_0.7,14.2,15.650601494454634,1
528,LAB-33_1.0,25.0,24.001719967276806,1
529,LAB-47_1.0,16.6,14.156404776862,0
530,Ba1M,16.5,13.891829193822737,0
531,Ca1M,15.5,16.099287555460414,1
532,La1M,12.5,12.947774028959682,1
533,Y1M,11.5,12.947774028959682,0
534,Ba2M,16.8,16.189099822213894,1
535,Ca2M,17.1,16.22355360203408,1
536,La2M,15.7,16.02835189114874,1
537,Y2M,14.2,16.02835189114874,0
538,Pb80,12.0,19.993430411786868,0
539,Pb70,20.0,20.608189027012127,1
540,Pb60,33.0,33.255730840395586,1
541,Pb50,43.0,41.76293176311153,0
542,Pb40,40.0,42.12986418412153,1
543,Pb30,32.0,34.61637907296948,1
544,Pb25,26.0,28.76188101753163,1
545,CABS7,13.0,16.223567375305674,1
546,NABS7,64.0,56.545657390423244,1
547,CABS21,21.0,22.0332346016543,1
548,NABS21,45.0,44.641476216211146,0
549,BBS433,55.0,43.99576365115479,0
550,BBS352,52.0,46.915454377544506,1
551,BBS252,48.0,43.18652657415015,1
552,,88.8,85.53340781494187,1
553,B2,100.0,99.67398672831185,1
554,B23,100.0,100.42138442918444,1
555,B3,100.0,99.43130161900486,1
556,B6,91.0,92.49014104897005,1
557,B7,83.0,86.15160506558968,1
558,B9,76.0,74.03169858339733,1
559,B10,57.0,54.92886399947446,1
560,B11,52.0,51.40022134783016,1
561,B1112,28.0,31.496961937308164,1
562,K0,0.0,1.2933325141486094,1
563,K8,4.0,5.466825351985939,1
564,K13,11.0,13.388265309713969,1
565,K18,15.0,18.964443492848332,1
566,K23,22.0,25.535778549163503,1
567,K28,35.0,34.98838897898592,1
568,K33,40.0,39.39452639653243,1
569,K38,40.0,38.968992655185545,0
570,B12.5,48.5,45.32623991290322,1
571,B12.5-Mg5,38.0,37.56082230865272,1
572,B12.5-Mg10,38.0,35.8591472942345,0
573,B12.5-Sr5,37.0,37.8535165311042,1
574,B12.5-Sr10,39.0,40.23508093142162,1
575,B12.5-Mg5-Sr10,37.0,36.49300046939126,1
576,LiB-70,46.0,44.009036545682605,1
577,LiB-90,41.0,41.00130568556751,1
578,CsB-70,34.0,32.65475236437157,1
579,CsB-90,25.0,29.664472110428036,1
580,a1.00,39.69072983314017,47.60488564216713,1
581,a0.75,36.36800052369921,41.06140473856473,1
582,a0.60,35.72513084329172,33.95357131829953,1
583,a0.50,36.77119491675001,34.22254724759214,1
584,a0.40,37.74083369501632,34.21297469418556,1
585,a0.25,39.51835034598316,41.87670483450051,1
586,a0.00,38.59856336147169,48.58334446152206,0
587,b0.75,40.79934068265457,41.57297486023585,1
588,b0.50,43.14026626172337,41.717324531991466,1
589,b0.25,38.15454115348809,36.49064723342218,1
590,b0.00,36.90118600411817,33.28472771905925,0
591,Zhong-Li-0.167,16.165,16.87391854114375,1
592,Zhong-Li-0.334,31.692,33.43564998024858,1
593,Zhong-Li-0.5,38.934,42.75057160955389,0
594,Zhong-Li-0.667,44.831,43.94777991995684,1
595,Zhong-Li-0.818,39.977,40.32118948095775,1
596,Zhong-Na-0.167,15.437,19.187993661306084,1
597,Zhong-Na-0.334,29.209,36.22981502640618,0
598,Zhong-Na-0.5,37.7,43.4788675832238,0
599,Zhong-Na-0.667,38.412,41.998318541959954,0
600,Zhong-Na-0.818,33.653,34.753458538277876,1
601,Zhong-K-0.167,15.548,14.864796711725738,1
602,Zhong-K-0.334,28.688,28.439081936940347,1
603,Zhong-K-0.5,33.858,36.87113903532452,1
604,Zhong-K-0.667,31.787,33.57945857587837,0
605,Zhong-K-0.818,29.826,30.841764197651564,1
606,Zhong-Rb-0.167,15.121,14.5590914938572,1
607,Zhong-Rb-0.334,27.755,27.454492580140112,1
608,Zhong-Rb-0.5,31.992,33.500556585271326,1
609,Zhong-Rb-0.667,28.893,30.230599398204582,1
610,Zhong-Rb-0.818,27.96,28.429962612474707,1
611,Zhong-Cs-0.167,14.41,17.50281273211273,1
612,Zhong-Cs-0.334,25.589,28.74133101753163,1
613,Zhong-Cs-0.5,27.96,40.12362150030871,0
614,Zhong-Cs-0.667,27.66,31.511311919123663,1
615,Zhong-Cs-0.818,23.723,26.086994788195753,1
616,Silver-Na-0.767,0.6910000000000001,1.1443580812759393,1
617,Silver-Na-2.17,3.432,3.0045278673955664,1
618,Silver-Na-4.82,7.161,3.9588433091054824,1
619,Silver-Na-10.02,19.497,16.137191800172875,1
620,Silver-Na-13.66,27.6,23.15496007587169,1
621,Silver-Na-16.15,34.735,28.31471431834903,1
622,Silver-Na-19.95,43.16,34.307055965678444,1
623,Silver-Na-26.31,49.973,44.985473726734874,1
624,Silver-Na-33.75,55.798,49.78634717481179,1
625,Svanson-K-7.67,9.65187,6.723763710287926,0
626,Svanson-K-12.24,14.50387,14.645203668015956,1
627,Svanson-K-15.45,16.763,16.123876926136536,1
628,Svanson-K-22.50,26.77506,25.317177001574784,1
629,Svanson-K-30.53,45.69528,41.91807320298822,1
630,Kroeker-Cs-3.4,4.867,5.851213111134534,1
631,Kroeker-Cs-9.12,13.011,12.400761246095541,0
632,Kroeker-Cs-16.54,22.159,23.643009094439385,1
633,Kroeker-Cs-23.07,31.974,29.886612663480363,0
634,Kroeker-Cs-24.29,33.012,31.100769025659872,1
635,Kroeker-Cs-32.31,40.101,40.10232849059264,1
636,Kroeker-Cs-33.37,39.204,40.12362150030871,1
637,Kroeker-Cs-35.01,38.166,40.24717083922003,1
638,LAWA44,68.0,66.79811484999877,1
639,LAWABP1,70.0,68.16835103667701,1
640,HLP-9,66.0,67.20419426264566,1
641,LAWE-1A,67.0,66.1521853511124,0
642,LAWE-95A,53.0,53.90532996924836,1
643,LAWE-290A,56.0,54.98389023967044,1
644,NeB1,12.7,12.390797355212463,1
645,NeB2,39.7,36.84628621658455,1
646,NeB3,55.1,51.30527640906264,1
647,NeB4,62.2,63.61924473122751,1
648,1% Al,12.0,10.862342866858178,1
649,1.5% Al,11.0,10.06615651703478,1
650,2% Al,7.0,10.12274469914718,0
651,4% Al,2.0,3.8613877672774493,1
652,Lee-XMa0-non-enriched,0.0,0.0,1
653,Lee-XMa0.25-non-enriched,12.0,11.890816137997216,1
654,Lee-Xa0.5-non-enriched,38.0,38.42677037312987,1
655,Lee-XMa0.75-non-enriched,51.0,55.87318247469928,1
656,Lee-XMa1-non-enriched,57.0,60.134957729435556,0
657,Lee-XRd0.1-non-enriched,0.0,1.0312947715956966,1
658,Lee-XRd0.25-non-enriched,28.0,30.604460425757864,1
659,Lee-XRd0.5-non-enriched,48.0,48.662155782960276,1
660,Lee-XRd0.75-non-enriched,52.0,54.88783323177801,1
661,Lee-XRd1-non-enriched,65.0,65.25794835085485,1
662,CABS5-0.0001GPa,2.7,4.588834176717533,1
663,CABS5-1GPa,7.0,4.588834176717533,1
664,CABS5-2GPa,11.7,4.588834176717533,0
665,CABS10-0.0001GPa,3.6,11.431022778966963,0
666,CABS10-1GPa,8.0,11.431022778966963,1
667,CABS10-2GPa,16.3,11.431022778966963,1
668,CABS15-0.0001GPa,4.4,11.933487582654703,0
669,CABS15-1GPa,9.1,11.933487582654703,1
670,CABS15-2GPa,17.0,11.933487582654703,1
671,CABS20-0.0001GPa,5.7,7.887203406855562,1
672,CABS20-1GPa,11.2,7.887203406855562,0
673,CABS20-2GPa,18.2,7.887203406855562,0
674,CABS25-0.0001GPa,6.4,13.803515581965335,1
675,CABS25-1GPa,12.7,13.803515581965335,1
676,CABS25-2GPa,22.1,13.803515581965335,1
677,NBS-10-10-80,75.5,76.05932845119796,1
678,NBS-10-20-80,48.4,45.44108661593985,1
679,NBS-10-30-60,34.8,32.81689267912275,1
680,NBS-10-60-30,18.9,20.165970325856307,1
681,NBS-10-70-20,16.6,18.94018233433905,1
682,NBS-10-80-10,15.1,14.908995347390693,1
683,NBS-20-10-70,87.2,88.9140815526014,1
684,NBS-20-20-60,72.7,68.01249866520531,1
685,NBS-20-30-50,59.9,55.36494228347165,1
686,NBS-20-40-40,48.7,44.4359512297937,1
687,NBS-20-50-30,40.7,38.63259160271267,1
688,NBS-20-60-20,35.1,33.063671503392634,1
689,NBS-30-10-60,79.0,82.80673993017277,1
690,NBS-30-20-50,70.1,71.0129787396142,1
691,NBS-30-30-40,62.8,58.00763766652298,1
692,NBS-30-60-10,45.8,42.0750603141303,1
693,NBS-40-10-50,59.6,69.97760741902486,0
694,NBS-40-30-30,50.0,50.47201281181628,1
695,NABS-10-5-10-75,42.3,41.254669465993345,1
696,NABS-10-5-20-65,24.5,24.279175219753373,1
697,NABS-10-5-30-60,16.9,16.01951368162765,1
698,NABS-10-5-35-50,13.8,12.767507214368575,0
699,NABS-10-5-45-40,12.4,14.25206395873899,1
700,NABS-10-5-55-30,10.6,11.234184136603474,1
701,NABS-10-5-65-20,9.8,11.691473066045699,1
702,NABS-10-5-75-10,9.8,7.575493724358118,1
703,40L30B30S,57.5,44.78125554633609,0
704,40L50B10S,52.2,50.14329433487379,1
705,60L25B15S,25.5,26.418119474966524,1
706,Lv-K2.0-0.75,62.8,59.208131828589984,1
707,Lv-Na2.0-0.75,60.4,59.566296357209424,1
708,Lv-K4.0-0.75,68.1,63.96566918365767,0
709,Lv-RbNa4.0-0.75,65.1,63.728785900371086,1
710,Lv-Na4.0-0.75,61.8,63.671620269191045,1
711,Lv-MgNa4.0-0.75,31.3,30.782336439514186,1
712,Lv-LiNa2.02.1,54.7,46.44314370163653,0
713,Lv-Na2.0-0.26,27.0,26.03346863043189,1
714,Lv-Na2.0-0.5,47.6,45.63011610411784,0
715,Lv-Na2.0-2.5,41.1,42.26536265492698,1
716,Lv-Na4.0-1.2,73.3,72.34291917571352,1
717,Lv-CaNa0.5-0.5,41.9,43.45661962842966,1
718,Lv-CaNa2.0-0.5,40.4,33.43319771487503,1
719,Lv-CaNa4.0-1.2,55.2,55.29176029949687,1
720,Lv-CaNa4.0-2.0,59.1,59.79645485007825,1
721,Lv-CaNa4.0-3.3,47.2,50.325184671821866,1
722,Li2.0-0.75,56.3,58.659419567837915,1
723,Na2.0-0.75,60.4,59.566296357209424,0
724,K2.0-0.75,62.4,59.128759850822675,1
725,Rb2.0-0.75,60.3,58.41001150236601,1
726,Mg2.0-0.75,36.1,35.9728070529792,1
727,Ca2.0-0.75,48.3,52.88765957654719,0
728,Sr2.0-0.75,53.8,51.76898066400078,1
729,Ba2.0-0.75,57.4,51.76898066400078,1
730,Li4.0-0.75,53.9,51.48191383668046,1
731,Na4.0-0.75,62.3,67.7215324799349,0
732,K4.0-0.75,66.7,46.9634267520233,0
733,Rb4.0-0.75,65.1,64.35986039137072,1
734,Mg4.0-0.75,31.3,31.837317978822163,1
735,Ca4.0-0.75,42.0,45.4654487908817,1
736,Sr4.0-0.75,51.7,51.80050310737119,1
737,Ba4.0-0.75,56.0,51.80050310737119,0
738,Li2.0-2.1,54.7,55.30775484874463,1
739,Na2.0-2.1,48.7,51.52285663145547,1
740,K2.0-2.1,43.9,46.44314370163653,1
741,Rb2.0-2.1,40.6,42.78472796392443,1
742,Mg2.0-2.1,40.2,39.787135776448146,1
743,Ca2.0-2.1,45.3,45.5360845595799,1
744,Sr2.0-2.1,50.1,51.36048843112574,1
745,Ba2.0-2.1,51.7,51.36048843112574,1
746,Li4.0-2.1,69.0,68.79017869583568,1
747,Na4.0-2.1,69.7,70.65318819646512,1
748,K4.0-2.1,69.0,69.65132262133694,1
749,Rb4.0-2.1,66.2,66.31414564217714,1
750,Mg4.0-2.1,45.9,45.732437747114176,1
751,Ca4.0-2.1,58.2,60.96087146543925,1
752,Sr4.0-2.1,65.9,65.20669210685422,1
753,Ba4.0-2.1,68.9,65.20669210685422,0
754,pLi4.0-0.75,29.5,34.24532542138506,1
755,pK4.0-0.75,68.1,65.18107160548269,0
756,pRb4.0-0.75,67.1,65.61693590685985,1
757,pLi2.0-2.1,51.7,44.75904326023251,0
758,pK2.0-2.1,38.9,39.32299950765129,1
759,pRb2.0-2.1,31.8,36.80433798561567,0
760,Rb,67.2,67.20206010242438,0
761,K,68.4,67.30493581125047,1
762,RbNa,67.0,65.06684673602389,1
763,KNa,67.1,67.54046755090441,1
764,Na,63.6,68.96725883479131,0
765,LiNa,55.2,52.72764019153689,1
766,BaNa,56.8,53.16932245362675,1
767,SrNa,52.1,53.16932245362675,1
768,MgNa,30.2,33.08304433367858,1
769,Na2.0-0.75,60.4,59.566296357209424,1
770,Na4.0-0.75,61.8,63.671620269191045,1
771,MgNa4.0-0.75,31.0,30.782336439514186,1
772,MgNa4.0-2.1,44.5,45.27789586884341,1
773,ISG-C,50.0,48.162395565095146,0
774,ISG-A00,64.0,63.96812912109814,1
775,ISG-A12,23.0,24.0829353347254,0
776,ISG-A22,7.0,4.93976342083964,1
777,ISG-A00N,56.0,54.06144577857451,1
778,ISG-A11N,37.0,36.778261536388825,1
779,ISG-A18N,13.0,11.61454134483072,1
780,ISG-A23N,3.0,4.812717897740455,1
781,NaBSi1,95.4,91.6118260069164,1
782,NaBSi2,87.9,79.0580251096986,1
783,NabSi3,53.1,59.16283417042332,1
784,NaBSi4,18.2,31.231308759733956,1
785,NaBSi5,20.2,37.829852043265255,1
786,BNaSi1,15.2,18.421793551839553,1
787,BNaSi2,21.2,29.598166388713523,1
788,BNaSi3,55.3,55.71402113093922,1
789,BNaSi4,80.5,55.69833767136025,0
790,BNaSi5,92.1,69.35480047342539,1
791,0BNCZ,46.82,41.3229079101199,1
792,5BNCZ,46.83,45.96057131610064,1
793,10BNCZ,46.44,46.515657453995786,1
794,15BNCZ,45.7,46.23196941915906,1
795,20BNCZ,45.03,46.17300032233938,0
796,LBS,57.0,56.93664451176336,1
797,NBS,88.0,88.25339828538793,1
798,KBS,92.0,91.06332854969324,1
799,RBS,93.0,83.50151547337578,0
800,CBS,97.0,94.42439640017679,1
801,LNBS,70.0,72.12147846308962,1
802,RCBS,97.0,98.15111961737628,1
803,N26M0,57.0,55.23007804463159,1
804,N19M8,37.0,35.1652476896014,0
805,N13M13,24.0,25.72865797695225,0
806,N8M19,7.0,9.762426144509234,1
807,N0M12,2.0,0.21494509870106526,1
808,N19C8,46.0,47.6942663091032,1
