,glass_name,y_true,y_pred,var_pred,is_train
0,S462.6(5),16.9,25.209688899569137,6.657596601244135,1
1,S462.6(9),26.0,27.22162799369454,6.644005950988738,1
2,S462.6(14),29.5,29.623388057801417,6.6451641941049315,0
3,S462.6(18),31.6,31.733321190202314,6.646520282425378,1
4,S462.6(28),33.5,34.20324589358095,6.65002221441394,1
5,S462.6(37),34.0,34.792959446525586,6.650890849554512,1
6,S462.6(46),33.4,34.768053237272596,6.6831222948297615,1
7,S464.0(2),36.5,35.604247286333724,6.666287196935169,0
8,S464.0(5),38.8,36.4456199967336,6.646374241945976,1
9,S464.0(7),41.1,37.32662211199736,6.637110299319996,1
10,S464.0(10),42.4,38.22960367787543,6.634160277691621,0
11,S464.0(15),43.2,40.03750444546194,6.6337842544271535,1
12,S464.0(19),43.3,41.37440628217966,6.635905221405185,1
13,S464.0(24),43.3,42.042435152084025,6.643177562547445,1
14,S464.0(39),41.9,40.97172147876972,6.66568503275524,1
15,BN0.11,11.6,12.31316141993193,6.638279350595879,1
16,BN0.25,32.0,27.941639619133632,6.639922485018083,1
17,BN0.50,43.0,41.167903347717406,6.627010508475174,1
18,BN0.67,43.8,40.28340086161486,6.642353693296698,1
19,NBS2-0.25(33),23.0,25.228658522383096,6.615664683215219,1
20,NBS2-0.50(33),45.0,46.05502431326069,6.613799602648364,1
21,NBS2-0.75(33),58.1,55.395282535215074,6.611268563407457,1
22,NBS2-2.50(33),35.0,44.10000874934954,6.625465142539869,1
23,NBS0.5-0.50(67),42.0,38.965218853687304,6.629387133035006,0
24,NBS5.10-1.31(16),83.0,72.37704486552317,6.614208847358209,1
25,NBS4-4.00(20),38.0,47.547286500514474,6.633436644616289,1
26,0Zr10Na,61.0,55.37075143412867,6.629900797162875,1
27,4Zr10Na,47.0,51.36171843824355,6.631318810767063,1
28,0Ca,73.0,72.14616450408005,6.613953643151414,1
29,3Ca,67.0,69.00490170474012,6.620391465310857,0
30,6Ca,61.0,58.71720262118269,6.625719055836259,0
31,9Ca,51.0,51.240198804651655,6.643543991050016,0
32,0Zr,73.0,70.16093780269125,6.626465956463279,1
33,1Zr,71.0,68.21609182799149,6.623043976188009,0
34,2Zr,68.0,65.17444799630803,6.621384790788363,1
35,4Zr,64.0,61.042543290153546,6.621748711583782,1
36,6Zr,56.0,58.08320095435549,6.626155217077002,1
37,8Zr,53.0,54.414937763571814,6.640256773723342,1
38,0Ca0La,71.0,73.35806706580925,6.613883451649856,1
39,0Ca1La,66.0,74.07293780301956,6.614235155914927,0
40,0Ca2La,62.0,69.81094778465643,6.613641099671761,1
41,0Ca4La,52.0,66.96895196479284,6.620404886884993,1
42,0Ca8La,41.0,59.05637484981736,6.621756111136789,1
43,0Ca10La,35.0,55.67211034708107,6.625269651640376,1
44,4Ca0La,64.0,66.83591754076583,6.624005046433183,1
45,8Ca0La,57.0,58.202933749554234,6.631385546487086,1
46,10Ca0La,53.0,52.95664823929037,6.644220676559209,1
47,17O 12La,57.0,57.42468155056858,6.6453828079062545,1
48,17O 5Ca4La,54.0,60.21515911172908,6.631062702404916,1
49,CABS5,4.0,3.4489943198272144,6.745823307494516,0
50,CABS10,4.0,4.017495124497387,6.685212130112358,1
51,CABS20,6.0,5.977454108570093,6.653090273394529,1
52,CABS25,7.0,7.230341715273823,6.670925078153507,1
53,Na-I,2.6,3.704883428363324,6.719844749413698,1
54,Ca-I,10.8,15.356424361703368,7.7370690486165845,0
55,Mg-I,8.0,9.047013165173226,6.732821876506258,1
56,Na-II,13.7,13.35318739875563,6.715741550537997,1
57,Ca-II,12.0,13.414139667105815,6.720377720166505,1
58,Mg-II,8.9,10.2456977559585,6.733068825647346,1
59,LBS,45.0,43.35803348937843,6.707612614213675,1
60,NBS,56.7,52.33200010442881,6.611221465024678,1
61,KBS,60.0,61.64070429116593,6.663862838339501,1
62,LN-BS,55.2,52.71872991470005,6.65358357715902,1
63,LK-BS,52.3,51.30047971755168,7.223685319612692,0
64,NK-BS,55.7,56.15651561250225,6.658456325497644,1
65,HF-1,75.5,63.28875523442502,6.6501927907961775,0
66,HF-2,72.4,59.20236467485947,6.664489080436925,0
67,HF-3,69.7,57.85327218746092,6.675614136730155,0
68,HF-4,65.4,59.159396519674345,6.65997294753759,1
69,HF-5,60.2,59.63599900103513,6.677004703520382,1
70,AB-0,29.5,32.829428214630994,6.618759032575883,1
71,AB-5,24.2,25.677464528863993,6.694537741351773,1
72,AB-10,18.5,19.156566329209227,6.790291281890674,0
73,AB-15,13.6,14.510278772465469,6.697573344577484,1
74,AB-20,10.0,10.850751814801832,6.682230544538224,1
75,AB-25,8.0,8.120010224307919,6.7029635869305615,1
76,NB-15,9.4,7.897492033697262,6.753202583197478,0
77,NB-25,13.1,15.13693036283042,6.69822028182513,0
78,NB-30,19.4,18.53157459740732,6.698557824112978,0
79,NB-35,22.8,19.460189199641704,6.669623277608401,1
80,NB-40,18.6,17.03054397395032,6.66300600478793,1
81,NB-45,12.3,12.365508359461359,6.679429185256408,0
82,NB-50,4.0,7.659164339588479,6.705493854394531,1
83,B7N20,62.0,56.90750707107303,6.632211675060722,1
84,B7N15,44.0,46.02406641182473,6.683382647125988,0
85,B7N10,28.0,32.393304272457215,6.675712444651675,1
86,B7N05,19.0,22.60807946948889,6.702944071469864,0
87,B7N00,15.0,15.833623780374602,6.641214763778786,1
88,B21N20,51.0,43.5822609648289,6.631959597384366,1
89,B21N15,36.0,36.43323474086258,6.658787736936062,1
90,B21N10,32.0,30.468102585359112,6.663520303286334,1
91,B21N05,27.0,25.91853433590722,6.664170128652379,1
92,B21N00,21.0,21.826758696250288,6.637709405311172,1
93,Al0,94.9,92.52992289683006,6.638961946878355,1
94,Al1,93.2,90.00248687556265,6.632833376879135,1
95,Al2.5,94.6,87.0826297028018,6.636991681114321,1
96,Al5,91.6,77.66159207196668,6.657212416919921,0
97,Al7.5,83.1,68.4882809020225,6.6586373651995165,0
98,Al10,74.4,57.92051858742644,6.651865984138738,1
99,Al12.5,43.6,40.15004817141062,6.637952488568874,1
100,Al15,19.9,24.854197289655538,6.64318213308186,1
101,Al17.5,1.0,7.861137943746037,6.693481098006465,0
102,Al20,0.8,1.6205871268387426,6.690416701091579,1
103,LB2,46.0,45.21041574808984,6.662380714873866,1
104,NB2,43.0,41.72932717952158,6.629052848148909,1
105,KB2,40.0,39.587983559071624,6.647135697251085,1
106,NB25,35.1,34.70487751780979,6.6344618584853565,1
107,NB30,41.6,38.17387990377745,6.630331213209905,1
108,NB33,43.4,41.330072544590124,6.627030910386423,1
109,NB37.5,41.1,40.14461756905077,6.643584102379363,0
110,BB25,34.1,35.09244064740521,6.65235737863679,0
111,BB30,39.5,39.16226868128032,6.636590469024684,1
112,BB33,43.1,41.41377860039776,6.6309470116460325,1
113,BB40,44.5,40.46386495861188,6.634962833429107,1
114,BB50,35.9,33.15280069988406,6.657607410473459,1
115,CB25,32.9,34.04196868221225,6.6892665744676325,1
116,CB30,36.7,36.38014223561833,6.660526633477023,1
117,CB33,39.4,38.162266175096306,6.689286040213888,1
118,CB40,41.9,38.59092838779283,6.856273836504598,0
119,CB50,38.3,37.845165436350634,6.727736891477699,1
120,75B,39.9,37.64374461485147,6.85731769386693,0
121,63B-12Si,45.3,42.444221046231654,6.685039075147143,1
122,51B-24Si,48.9,47.603902197060016,6.650663020926303,1
123,37B-37Si,53.5,52.114420450359546,6.661553093986785,1
124,24B-51Si,65.5,63.5518842272759,6.6530925703709425,1
125,12B-63Si,75.8,71.4631328190314,6.639271372264831,1
126,6B-69Si,80.8,77.97535276895235,6.663736547483309,1
127,Li10,11.2,10.778487328413036,6.679413888843394,1
128,Li15,17.7,17.416941852683923,6.649783816396375,1
129,Li20,25.0,25.193710626765675,6.66423450787451,1
130,Li25,32.9,32.37016201286104,6.6484439292759205,1
131,Li30,39.7,38.89916819310387,6.664846760450891,1
132,Li35,42.9,43.11391476571727,6.668450791395474,1
133,Li40,43.4,44.26196919106677,6.639751910855225,1
134,Li48,38.4,39.56970395169463,6.656566700713579,1
135,BABS27_FQ,27.0,32.54084058282237,6.69389088982808,1
136,BABS27_WQ,30.4,26.898360653906803,6.707214262308277,1
137,BABS27_FQ-AN,40.7,34.37914776838016,6.93424600570588,0
138,BABS21_FQ,28.8,29.391489270837724,6.697254253171043,1
139,BABS21_WQ,32.0,19.78208994851595,6.810604415579499,0
140,BABS21_FQ-AN,35.6,33.227945433837114,6.719614317796841,1
141,Cm doped ISG,58.0,53.69533301088291,6.697632762801184,1
142,NBF67.18.0,71.0,66.39661591537964,6.6137333881032285,1
143,NBF67.18.1,70.0,61.92680555236467,6.613341855788949,1
144,NBF67.18.1-R12,75.0,62.455424692626096,6.612424756484117,1
145,NBF67.18.5-800,70.0,62.1874657129366,6.617194487438031,1
146,NBF67.18.5-R5,72.0,64.10641484179102,6.618199357425208,1
147,NBF67.18.5-R17,76.0,63.74322738058838,6.6180133510639525,1
148,NBF67.18.10-R5,68.0,62.09633310345214,6.628436611924118,1
149,NBF67.18.10-R15,74.0,61.61978838024696,6.629571773629095,1
150,Zr0La,46.6,49.73655197147335,6.635576560617132,1
151,Zr1La,41.6,45.721383292194794,6.6293614037549276,1
152,Zr2La,37.0,41.88316534626198,6.635062335465082,1
153,Zr3La,29.2,37.53312021336478,6.650415689004428,1
154,Priven-1,64.0,57.040944695668706,6.6135240759026654,1
155,Priven-2,61.0,53.97845776903145,6.614097790147844,0
156,Priven-3,60.0,57.19648606851394,6.614532379824788,1
157,Priven-4,66.0,56.10049615376495,6.614406859503534,1
158,BSN,64.0,59.73111607061469,6.618661627869991,1
159,BSNC,61.0,54.848514337388735,6.670233655337369,1
160,BSNS,62.0,54.83877137719851,6.642559151142385,1
161,BSNB,63.0,54.83877137719851,6.642559151142385,1
162,NABS-Zr,22.0,29.225764539947676,6.661976955113133,1
163,NABS21,45.0,43.5822609648289,6.631959597384366,1
164,BS3,73.7,66.1104462963508,6.612519109020417,1
165,BS6,49.4,41.72032534010834,6.641379775802674,1
166,1,1.0,1.9950025336618467,6.651252502750979,1
167,2,5.0,6.894325776794332,6.664996298493195,1
168,3,2.0,6.620710334293648,6.656870869960988,0
169,4,16.0,19.182174463098413,6.621231792024919,1
170,5,67.0,71.54174252292881,6.6605372266224006,1
171,6,24.0,22.858907753570954,6.634082008260618,1
172,7,85.0,68.13311419214662,6.618111706857097,1
173,8,50.0,57.29607427145961,6.61301128147119,1
174,9,39.0,36.55961750698616,6.621517824155479,0
175,10,64.0,67.48627605132097,6.612520168502498,1
176,11,77.0,67.48627605132097,6.612520168502498,1
177,12,70.0,79.168757266656,6.629364768462546,1
178,13,72.0,79.168757266656,6.629364768462546,1
179,14,42.0,59.94126485872712,6.6117654178914576,1
180,15,51.0,59.94126485872712,6.6117654178914576,1
181,16,28.0,28.258638992270257,6.630813206915254,1
182,17,28.0,29.502350801873686,6.627345556664701,1
183,18,34.0,31.51441946782807,6.625677548948247,1
184,19,28.0,36.47640487491458,6.622514087008767,1
185,20,41.0,40.074672611094265,6.618366932035844,1
186,21,38.0,45.8166518981045,6.617051489330165,1
187,22,48.0,52.18804070175656,6.613906191016458,1
188,23,59.0,63.233667037442245,6.61280242639289,1
189,24,59.0,72.25601584777677,6.615379084577935,1
190,25,67.0,72.25601584777677,6.615379084577935,1
191,26,30.0,57.58825471477744,6.61359787719479,1
192,27,55.0,57.58825471477744,6.61359787719479,0
193,28,26.0,33.162128501891125,6.6262657466012955,1
194,29,32.0,34.219010033304855,6.6273134418734445,1
195,30,38.0,38.965218853687304,6.629387133035006,1
196,31,45.0,46.85851494612173,6.620309979181495,1
197,32,45.0,51.31253015592925,6.6192304905046075,1
198,33,70.0,60.93306396135321,6.615953743692411,0
199,34,73.0,60.93306396135321,6.615953743692411,0
200,35,50.0,69.77983825702775,6.617223521445672,1
201,36,68.0,74.98117811068394,6.637094374850888,1
202,37,33.0,36.63598545881567,6.62340135613279,1
203,38,27.0,37.03079612217451,6.627502916306742,1
204,39,35.0,39.57762271230997,6.639773559785252,0
205,40,43.0,47.304986011906074,6.626048801680535,1
206,41,44.0,57.44649451931484,6.618051853298207,1
207,42,62.0,57.44649451931484,6.618051853298207,1
208,43,50.0,70.87125939015607,6.616098455447043,0
209,44,57.0,64.72408031374923,6.617341276735291,0
210,45,39.0,38.12519465801954,6.645102006172876,0
211,46,45.0,38.12519465801954,6.645102006172876,0
212,47,40.0,39.441773737928976,6.643160537465619,0
213,48,30.0,48.34558704694314,6.626731821972452,0
214,49,44.0,58.9084041777074,6.6201406692262035,1
215,50,49.0,66.87592333700199,6.618248916854824,0
216,51,60.0,66.3463746802189,6.638645942484938,1
217,52,18.0,35.71772008366989,6.648453315074482,1
218,53,55.0,55.55684967751411,6.616530686743866,1
219,54,50.0,58.08035287678318,6.628573902608586,1
220,a)-R0.11,11.6,14.751044068861514,6.628319950843351,1
221,a)-R0.177,16.0,23.4681146596436,6.620237054917631,1
222,a)-R0.205,22.5,27.06422565246819,6.619244227635377,1
223,a)-R0.250,28.0,32.40336021465515,6.618735750965845,1
224,a)-R0.282,27.5,35.688148022963674,6.619525489099135,1
225,a)-R0.333,38.0,39.90290984985371,6.6222840536355445,1
226,a)-R0.370,34.0,42.17382799637935,6.624837933435477,1
227,a)-R0.408,38.0,43.98067300451156,6.627603476911493,0
228,a)-R0.450,42.0,45.441550425766174,6.629465430629485,1
229,a)-R0.5,43.0,46.4231642887794,6.632249197980522,1
230,a)-R0.667,44.5,43.5994856312502,6.647618342885091,1
231,a)-R1.85,9.700000000000001,9.18081878841513,6.680253005909596,0
232,a)-R2.0,8.0,7.293349927763224,6.666008567336967,1
233,a)-R2.33,2.9,4.401785715535944,6.671418647340715,1
234,1,11.0,12.078933530263118,6.682178069873506,1
235,2,21.0,22.952048252719525,6.66875343874194,0
236,3,33.0,34.49944220684207,6.645190587078157,1
237,4,45.0,45.04178952895603,6.634931033985613,1
238,5,50.0,48.260785159140724,6.634683515155108,1
239,6,49.0,49.1703511105907,6.632326164176579,0
240,7,47.0,48.333613597192084,6.627123646276601,1
241,8,45.0,46.39369370243901,6.624933072994715,1
242,9,41.0,43.78040918277362,6.6267471963481634,1
243,10,12.0,8.588755036430776,6.6704119364192245,1
244,11,22.0,18.033130701545186,6.654001953127958,0
245,12,35.0,28.72932620336551,6.640299069536618,1
246,13,45.0,38.49867673980973,6.628524187090554,1
247,14,54.0,43.923269373981064,6.628846124446774,0
248,15,55.00000000000001,48.169015545551545,6.629405010754941,1
249,16,54.0,50.38652645684916,6.629939277985968,1
250,17,54.0,50.82247422108304,6.6306021052065995,0
251,18,51.0,50.100496546801764,6.630696017733044,1
252,19,47.0,44.67292555987964,6.632361639408389,1
253,20,38.0,51.1541746640291,6.6187169470692275,1
254,21,20.0,13.117868465144056,6.647973719123989,0
255,22,31.0,27.405198617901455,6.624723997635245,1
256,23,45.0,42.80412471287743,6.616924484516114,1
257,24,55.00000000000001,49.27472211424587,6.615394567626416,1
258,25,61.0,53.945545291889204,6.6141200123000266,1
259,26,60.0,57.13944678394631,6.614495550380798,0
260,27,60.0,59.03118009039858,6.616593843122489,0
261,28,57.99999999999999,59.73111607061469,6.618661627869991,1
262,29,53.0,52.96139381761106,6.61883675980968,1
263,30,39.0,33.591022234620326,6.625033245526997,1
264,31,65.0,64.05315508425787,6.612312995542378,1
265,32,64.0,67.09498469427596,6.61249309996873,1
266,33,64.0,69.12544815169495,6.613398590413619,1
267,34,61.0,67.71950460544831,6.617737402074161,1
268,35,55.00000000000001,58.225204400742385,6.618427838008286,1
269,36,44.0,40.57527466302841,6.620245951939321,1
270,K1-R0.2,25.0,22.925073747905188,6.635230436669473,1
271,K1-R0.32,34.0,34.16601514041443,6.624048561531652,1
272,K1-R0.352,40.0,36.495627812286706,6.621582416331374,1
273,K1-R0.4,42.0,39.44474707663608,6.618829767253923,1
274,K1-R0.5,48.0,43.94202970817938,6.616473282701389,1
275,K1-R0.66,56.00000000000001,48.90271123292861,6.619171702053751,0
276,K1-R0.75,56.00000000000001,51.04546556430877,6.619359451212096,1
277,K1-R0.86,57.99999999999999,52.489078784592536,6.620000880980718,1
278,K1-R1,62.0,52.17505483689036,6.622821797218431,1
279,K1-R1.5,53.0,42.47591212607262,6.632898948335557,1
280,K2-R0.15,15.0,14.947766891654744,6.624065359144829,1
281,K2-R0.25,27.0,25.233302169892934,6.61564355578808,0
282,K2-R0.33,35.0,33.09850522305811,6.615309220790633,1
283,K2-R0.5,49.0,46.06023206936354,6.613794817599902,1
284,K2-R0.6,54.0,50.98691842289056,6.611756983837434,1
285,K2-R0.636,56.99999999999999,52.31959989700461,6.611225755459008,0
286,K2-R0.64,55.00000000000001,52.45489100414716,6.611179939199647,1
287,K2-R0.7,56.99999999999999,54.22906942026606,6.610876205983226,1
288,K2-R1,67.0,60.93306396135321,6.615953743692411,1
289,K2-R1.22,66.0,64.29314019268482,6.616528302114291,1
290,K2-R1.7,63.0,61.103888997973065,6.618454053604117,1
291,K2-R2,63.0,55.55684967751411,6.616530686743866,1
292,K2-R2.26,56.99999999999999,49.65784407272648,6.617475793504859,1
293,K2-R2.5,52.0,43.97244543156274,6.62579727304424,1
294,K2.41-R0.15,17.0,16.733075030159664,6.624641810262206,1
295,K2.41-R0.25,26.0,26.325324080741225,6.61610705554648,1
296,K2.41-R0.379,38.0,38.01104193811714,6.614757873743583,0
297,K2.41-R0.59,54.0,51.65105380825457,6.6131384761958,1
298,K2.41-R0.723,57.99999999999999,56.44289048265199,6.611388993058314,1
299,K2.41-R0.852,59.0,58.80320950825792,6.611531479504758,0
300,K2.41-R1.136,65.0,63.826091886812,6.614706195469469,1
301,K2.41-R1.29,69.0,66.18236200580043,6.614698586508613,1
302,K2.41-R1.46,70.0,67.35074985928753,6.615266828507736,1
303,K2.41-R1.75,68.0,65.71774738378804,6.61767112917696,1
304,K2.41-R2.26,61.0,57.16785243303773,6.616774875458562,1
305,K3-R0.15,18.0,19.890604354383793,6.629749927933898,1
306,K3-R0.25,28.0,28.485148284259736,6.619463098564241,0
307,K3-R0.379,37.0,39.31255741591494,6.615525952533961,1
308,K3-R0.5,50.0,48.04059224361663,6.614279787942131,1
309,K3-R0.545,51.0,50.76055158168113,6.613981640967838,0
310,K3-R0.75,61.0,59.32591525566039,6.612815309882388,1
311,K3-R1,67.0,63.233667037442245,6.61280242639289,0
312,K3-R1.263,69.0,65.93244421116653,6.614977456830253,1
313,K3-R1.6,73.0,69.26232528799008,6.614558200206371,1
314,K3-R1.7,71.0,69.59471404247367,6.614764796438773,1
315,K3-R2.25,66.0,64.98264253698288,6.618098198062586,1
316,K4-R0.333,37.0,37.82464234879512,6.623065058751819,1
317,K4-R0.714,68.0,60.13785776033225,6.613243195655624,1
318,K4-R1,71.0,67.41883073948244,6.612509101498668,1
319,K4-R1.153,66.0,68.56022415266027,6.613183134583225,0
320,K4-R1.666,77.0,69.77695058777489,6.617222625490987,1
321,"K4-R2,27",76.0,70.93537021290905,6.617556720257896,1
322,K4-R2.56,73.0,68.83836779436372,6.619185669679268,1
323,K4-R3,68.0,63.22726149424207,6.621169843075561,1
324,K4-R3.88,56.99999999999999,49.52035417909963,6.629494259143371,1
325,NAB10,13.0,14.308633891920028,6.675891494836405,1
326,NAB15,18.0,17.75230910163072,6.6723123262263115,1
327,NAB20,33.0,21.822667411037564,6.713390225631353,0
328,NAB40,68.0,42.33928494806888,6.958104449456334,0
329,NAB60,78.0,63.998630950675484,6.904922084472194,0
330,NAB80,83.0,79.02833360321762,6.697228810994807,1
331,NBS,85.0,81.05787504243568,6.700712679354761,1
332,LiB5,10.0,11.283930504018546,6.67184660211684,1
333,LiB10,11.0,12.788383665845227,6.649658968926685,1
334,LiB15,17.0,14.715116760249064,6.670693341340567,1
335,NBS-K0.5R0.25,23.2,27.380778809016576,6.634178914904745,0
336,NBS-K0.5R0.5,42.7,38.965218853687304,6.629387133035006,0
337,NBS-K0.5R0.75,48.7,41.42687104690835,6.638306454687654,1
338,NBS-K2R0.25,18.7,25.228658522383096,6.615664683215219,1
339,NBS-K2R0.5,40.4,46.05502431326069,6.613799602648364,1
340,NBS-K2R0.75,56.6,55.395282535215074,6.611268563407457,1
341,NBS-K4R0.25,19.2,32.13284044400736,6.630016237977425,1
342,NBS-K4R0.5,41.2,49.12192775568382,6.617027491289795,0
343,NBS-K4R0.75,56.3,61.39500420940292,6.6129671213318355,1
344,1,25.0,24.290438485766845,6.641599188378153,1
345,2,13.0,12.030247754278303,6.641335565622011,1
346,3,3.0,4.767571628919505,6.639142463907681,1
347,4,0.0,0.0,6.655304579217474,1
348,5,52.0,52.96139381761106,6.61883675980968,1
349,6,43.0,44.43178975900949,6.62132676364652,1
350,7,35.0,33.591022234620326,6.625033245526997,0
351,8,22.0,21.46599602758103,6.630562943938613,0
352,9,2.0,5.2478747918892665,6.630583914699565,0
353,10,0.0,0.0,6.633716453850816,1
354,11,64.0,67.71950460544831,6.617737402074161,1
355,12,57.99999999999999,58.225204400742385,6.618427838008286,0
356,13,49.0,49.57474196212598,6.619061365354137,1
357,14,40.0,40.57527466302841,6.620245951939321,0
358,15,22.0,20.625093583398247,6.625979291039884,1
359,16,1.0,6.72635813258055,6.628119185651319,1
360,17,0.0,0.31639119665716464,6.633376263089249,0
361,18,0.0,0.0,6.647365981259004,1
362,19,72.0,74.06922064679495,6.6128863790657615,1
363,20,70.0,77.51792401219292,6.618819716248266,0
364,21,66.0,71.0015748550269,6.620396128883438,1
365,22,63.0,62.281749356443925,6.621455729159803,1
366,23,56.99999999999999,54.0947022485165,6.621571062490184,1
367,24,43.0,37.29012438923307,6.622474955530339,1
368,25,27.0,20.525661364274175,6.6270693807106635,0
369,26,6.0,8.546953934448325,6.630365468859951,1
370,27,0.0,1.855704617732954,6.635673096445868,1
371,28,81.0,85.80393880177884,6.618467890510563,1
372,29,79.0,86.06853095647443,6.623993286790429,1
373,30,79.0,81.09763943339914,6.6285167259191455,1
374,31,75.0,74.23101028034213,6.6303970841312205,1
375,32,62.0,60.25022107392565,6.63178788574389,1
376,33,50.0,46.74628159818622,6.631238691522513,1
377,34,27.0,33.06810228397859,6.631394690284096,1
378,35,16.0,20.949812814460078,6.635032476421553,1
379,ISG,45.0,54.03973970388389,6.646830295848068,1
380,ISGV,57.0,54.91892655641435,6.645770506587465,0
381,ISG-Si,81.0,61.578035594325954,6.646871961016069,1
382,BFS,29.0,24.07717029670209,6.67880995576964,0
383,BFS-Si,33.0,21.780991554049304,6.733976196636361,0
384,BFS-B1,28.0,26.12458138279476,6.665463819122149,1
385,BFS-B2,25.0,25.377102208320153,6.663526798994995,1
386,BASN1,31.0,31.897073855142402,6.642412958311905,1
387,BASN2,28.0,28.129620496600047,6.6525370981313285,1
388,BASN3,52.0,50.000686456467726,6.639455216423224,1
389,BASN4,48.0,48.4063036101342,6.634023412267253,1
390,LJ1,38.0,39.47314474650408,6.6197421244836985,1
391,LJ2,41.0,43.187001528276845,6.616958443980379,1
392,LJ3,36.0,33.30544384825569,6.6377860547962655,1
393,LJ4,34.0,36.300448272660226,6.635444620968252,1
394,LJ5,34.0,36.07173634443562,6.696700925329169,0
395,LJ6,37.0,39.15684773313799,6.6753174924800645,0
396,LJ2b Al,38.0,39.96485486412212,6.660440713260909,0
397,LJ4b Al free,42.0,44.603037934105316,6.617579274416413,1
398,K0.5-R0,0.0,0.5530973368884631,6.7820875280772785,0
399,K0.5-R0.4,42.0,39.54419772112619,6.637431933790016,1
400,K0.5-R0.8,49.0,48.333613597192084,6.627123646276601,1
401,K0.5-R1.0,47.0,43.78040918277362,6.6267471963481634,1
402,K0.5-R1.2,39.0,37.34554159477722,6.641238327180059,1
403,K2.0-R0.45,38.0,38.8186410846048,6.618058992852984,1
404,K2.0-R0.6,45.0,49.27472211424587,6.615394567626416,0
405,K2.0-R1.0,60.0,59.73111607061469,6.618661627869991,0
406,K2.0-R2.0,45.0,44.43178975900949,6.62132676364652,1
407,K2.0-R2.5,33.0,33.591022234620326,6.625033245526997,1
408,Cs0,69.0,69.35608698194682,6.6361531448924636,1
409,Cs2.42,70.0,69.53329625092215,6.627198692597054,0
410,Cs3.62,69.0,69.60591545612343,6.627566915515059,1
411,Cs4.83,70.0,69.71631225413236,6.630551417820333,1
412,Cs7.25,72.0,70.09261140970253,6.643579945861074,0
413,Cs9.66,75.0,70.53565590409771,6.666548288673809,1
414,U-0,77.1,72.83338722444864,6.632511088007992,1
415,U-2,74.4,72.12159471746156,6.635350933722256,1
416,U-3,72.7,71.28712776323952,6.624870865799451,1
417,U-4,71.1,71.34862152467923,6.623817866630017,1
418,U-5,63.1,69.71199870785104,6.640390987107828,1
419,Yamashita-Al2-B1-Na2,18.09631,25.629179864931274,6.639862600777684,1
420,Yamashita-Al1.5-B1.5-Na2,38.70814,41.762568731278684,6.637288294446079,1
421,Yamashita-AL1-B2-Na2,48.08484,51.472954570047555,6.6329024687164875,1
422,Yamashita-Al0.5-B2.5-Na2,51.63278,56.78396319045709,6.625704396762148,1
423,Yamashita-B3-Na2,66.09908,63.334527226142214,6.6124452461722365,1
424,Yamashita-B2-Na3,69.94268,81.92256947950915,6.616178712372663,0
425,Yamashita-Al0.5-B2-Na3,69.94268,78.81448501856812,6.6355498429239965,0
426,Yamashita-Al0.5-B1.5-Na3,66.71152,73.9896222549346,6.648855148392005,0
427,Yamashita-Al1-B1-Na3,62.86792,67.72625932171856,6.647484134863464,1
428,Yamashita-Al1.5-B1-Na3,58.39076,58.751364850205164,6.650378661528194,0
429,Yamashita-Al2-B0.5-Na3,51.316,46.25624588212438,6.6522128192050545,1
430,(NC)BS,64.0,64.61548769758363,6.674760759503134,1
431,(NC)ABS,72.0,59.42879445421748,6.698308532763138,0
432,S3,73.0,66.1104462963508,6.612519109020417,1
433,S4,52.0,48.24618877471055,6.627167761305887,1
434,S5,51.0,48.43295503629162,6.637845794650855,1
435,S6,47.0,45.660267537599104,6.631983108811393,1
436,Al0,29.0922,32.0680262847886,6.619999055308152,1
437,Al0.5,25.11473,30.04472661245295,6.618858181985583,1
438,Al1,25.08371,28.16813160241808,6.620411883912853,1
439,Al2,22.60555,24.863541247777565,6.627537775841459,0
440,Al3,20.5858,22.13642758430537,6.636375575423794,1
441,G1,41.0,46.080395965512196,6.624396654466964,1
442,G2,43.0,47.65246961040159,6.632527378411788,1
443,G3,54.0,49.35875439790991,6.6701604606318,1
444,G4,37.0,37.81504845710453,6.667367036794354,1
445,G5,17.0,17.662293204792995,6.672981998696941,1
446,G6,0.0,2.173372724221096,6.681169565979426,1
447,G7,0.0,0.0,6.698090247233995,1
448,G8,0.0,0.0,6.836211345177664,0
449,G9,4.0,4.189523876105291,6.71210756294272,1
450,SNB-K2.12-R0.43,34.0,37.72739740775613,6.617492259518466,1
451,SNB-K2.12-R0.56,48.0,47.62022175825329,6.615148397910627,1
452,SNB-K2.12-R0.8,54.0,58.26454695623664,6.613418653103459,1
453,SNB-K2.12-R1.06,61.0,61.34947792888735,6.618100737438722,0
454,SNB-K2.12-R1.36,57.0,57.36148967870069,6.620006609568568,1
455,SNB-K2.12-R0.72,49.0,50.91789057669408,6.618214699229389,1
456,Pyrex® ,26.0,32.83056173988777,6.665869112480982,1
457,E-glass,14.0,15.292370745414054,6.726651611209945,1
458,Bi40B,46.0,37.16503646082114,6.622672482152194,1
459,Bi40BSi5,46.0,40.59228115010496,6.627216634774134,1
460,Bi40BSi10,46.0,43.75351625211631,6.641786148339589,1
461,Bi40BSi20,46.0,47.49489305227679,6.67214262007348,1
462,Bi50B,45.0,36.69314806969925,6.6351634716546615,1
463,Bi50BSi5,43.0,39.65132447273331,6.634042076833393,1
464,Bi50BSi10,43.0,41.25900088036255,6.64430087647762,0
465,Bi50BSi20,42.0,41.49046778663706,6.662221345256089,1
466,Bi50BAl2,41.0,37.05085246930779,6.633763258324049,1
467,Bi50BAl4,36.0,35.79608810344911,6.6421793039126715,0
468,Bi50BAl6,34.0,33.4804100930034,6.639775279334807,1
469,Bi50BAl8,33.0,30.789826669454733,6.6513777425201885,1
470,Bi50BAl2Si5,41.0,38.80619020462848,6.626374592432096,1
471,Bi50BAl2Si10,40.0,39.18095045554088,6.629445336319096,1
472,Bi50BAl2Si20,38.0,37.675058281058,6.642288292740481,1
473,Bi50BAl4Si5,35.0,36.16997396347576,6.627779859519743,1
474,Bi50BAl4Si10,35.0,35.55382299252185,6.627936094885867,1
475,Bi50BAl4Si20,30.0,33.08716344893385,6.64050551690942,1
476,Bi50BAl6Si5,32.0,32.83335624791873,6.625939206157892,1
477,Bi50BAl6Si10,33.0,31.59384095218769,6.627516665736984,1
478,Bi50BAl6Si20,29.0,28.87047228774707,6.642825014789204,1
479,Bi50BAl8Si5,28.0,29.476256881509087,6.636185825200458,1
480,Bi50BAl8Si10,27.0,27.892211097014645,6.638619635267835,1
481,Bi50BAl8Si20,25.0,25.23281543460257,6.664760079241875,1
482,Li-R0.03,3.0,2.6001774786791216,6.710440935301136,0
483,Li-R0.1,12.0,9.962597820494313,6.868892083649776,0
484,Li-R0.2,21.0,21.487004146395236,6.700826369863569,1
485,Li-R0.3,32.0,31.775129915871346,6.694085433773244,1
486,Li-R0.4,38.0,39.11934128846053,6.743933219311634,0
487,Li-R0.5,43.0,43.51890228044672,6.679819629652446,1
488,Li-R0.7,44.0,44.49028136328412,6.671022539927957,1
489,Li-R0.9,40.0,40.160269421848646,6.702001326428717,1
490,Na-R0.03,3.0,3.3908145751538896,6.636113889283564,1
491,Na-R0.1,10.0,10.959538205002445,6.63773417189655,1
492,Na-R0.2,22.0,22.97500780476549,6.6414129481944535,1
493,Na-R0.4,38.0,37.67198896426248,6.630905031057099,0
494,Na-R0.7,39.0,39.38776027668309,6.6511570577329735,1
495,Na-R0.8,33.0,36.1761150865479,6.697635426999784,0
496,K-R0.2,25.0,18.401012857133757,6.656413444683418,1
497,K-R0.54,40.0,39.49174782573262,6.649141460893477,1
498,K-R0.7,34.0,34.57978196142019,6.70878637692058,1
499,Rb-R0.1,12.0,12.095381585106772,6.715210664723201,1
500,Rb-R0.2,22.0,22.334687511031632,6.718250693172266,1
501,Rb-R0.48,41.0,39.89315113322549,6.6930968889997,1
502,Rb-R0.54,39.0,39.04535982439858,6.681525438643015,1
503,Rb-R0.7,34.0,33.55303747476646,6.687436876319284,1
504,Rb-R0.8,30.0,30.81759647400521,6.701733278479662,1
505,Cs-R0.03,5.0,3.645825943557,6.640468996961796,1
506,Cs-R0.1,12.0,11.499012625583262,6.674251171549602,1
507,Cs-R0.2,23.0,22.731093379827104,6.722072495363917,0
508,Cs-R0.32,32.0,33.40479068377407,6.662172518679213,1
509,Cs-R0.4,39.0,38.28093205643372,6.6387766254570835,1
510,Cs-R0.54,41.0,41.47186605976139,6.630349903899951,1
511,Cs-R0.6,40.0,41.2088249638427,6.630750167062118,1
512,Cs-R0.7,36.0,39.63366343415757,6.641227504644374,1
513,Cs-R0.8,35.0,37.57928480236167,6.656896388619419,0
514,Cs-R0.9,33.0,35.49705218470535,6.6597658836280464,0
515,Cs-R1.1,28.0,31.569577589562712,6.669654497300695,1
516,Cs-R1.4,30.0,27.472856479726058,6.819050892740846,0
517,CABS-20_0.1,17.0,15.833623780374602,6.641214763778786,1
518,CABS-43_0.1,5.6,7.633823253211624,6.709679723602956,1
519,LABS-43_0.1,8.2,8.972113630600084,6.66281461836107,1
520,YABS-43_0.1,8.5,8.972113630600084,6.66281461836107,1
521,CABS-20_0.3,24.0,21.826758696250288,6.637709405311172,1
522,CABS-43_0.5,15.5,14.793536307657646,6.6422070626954435,1
523,LABS-43_0.5,12.5,12.539092933512656,6.649031680289968,0
524,YABS-43_0.5,11.5,12.539092933512656,6.649031680289968,1
525,CABS-43_0.7,17.1,17.213668763638093,6.647615445876294,1
526,LABS-43_0.7,15.7,15.446547958831804,6.638536378541134,1
527,YABS-43_0.7,14.2,15.446547958831804,6.638536378541134,1
528,LAB-33_1.0,25.0,25.019895333557418,6.711982852486931,1
529,LAB-47_1.0,16.6,18.208931739585285,6.923638125673708,0
530,Ba1M,16.5,12.410073285209826,6.649958657973794,0
531,Ca1M,15.5,14.581357373960667,6.642213402497597,1
532,La1M,12.5,10.764636493616855,6.6892983617686035,1
533,Y1M,11.5,10.764636493616855,6.6892983617686035,0
534,Ba2M,16.8,15.41613520616728,6.6400219026949046,1
535,Ca2M,17.1,16.983379524598313,6.6465589912182335,1
536,La2M,15.7,14.592695892045281,6.68881188731841,1
537,Y2M,14.2,14.592695892045281,6.68881188731841,0
538,Pb80,12.0,19.14463800161,7.131052848328301,0
539,Pb70,20.0,22.263271564944585,6.711112299992786,1
540,Pb60,33.0,32.35107232281591,6.672994360595323,1
541,Pb50,43.0,36.69314806969925,6.6351634716546615,0
542,Pb40,40.0,37.16503646082114,6.622672482152194,1
543,Pb30,32.0,34.75191149832607,6.631319936475231,1
544,Pb25,26.0,29.36984510846967,6.63267418313752,1
545,CABS7,13.0,15.833623780374602,6.641214763778786,1
546,NABS7,64.0,56.90750707107303,6.632211675060722,1
547,CABS21,21.0,21.826758696250288,6.637709405311172,1
548,NABS21,45.0,43.5822609648289,6.631959597384366,0
549,BBS433,55.0,48.831069501895,6.986645614795806,0
550,BBS352,52.0,50.702909064520206,6.67205366211623,1
551,BBS252,48.0,47.03780639806849,6.67066313656708,1
552,,88.8,87.23596021411035,6.622069685862291,1
553,B2,100.0,99.6937246099034,6.666582590788004,1
554,B23,100.0,95.55728868878907,6.6898206213619025,1
555,B3,100.0,99.13895041094958,6.662758990874977,1
556,B6,91.0,81.75950997280025,6.647777150962952,1
557,B7,83.0,80.52542235661353,6.645494346378839,1
558,B9,76.0,67.72903796453612,6.666362316715461,1
559,B10,57.0,56.132967883815326,6.650176517002404,1
560,B11,52.0,55.63412590012499,6.64929941952336,1
561,B1112,28.0,44.13438356886654,6.673982042967573,1
562,K0,0.0,0.9445982657783176,6.650666934653494,1
563,K8,4.0,4.866127595349603,6.695827726471469,1
564,K13,11.0,12.800786152144163,6.675539872866057,1
565,K18,15.0,19.2614927250152,6.659812569291252,1
566,K23,22.0,24.069965466546577,6.683930518646406,1
567,K28,35.0,34.13165862652444,6.684769593651196,1
568,K33,40.0,39.644227718581476,6.654941858406556,1
569,K38,40.0,37.39649047773378,6.696035899432802,0
570,B12.5,48.5,44.63193122245799,6.698717221132581,1
571,B12.5-Mg5,38.0,37.945152335503884,6.719553761261391,1
572,B12.5-Mg10,38.0,37.9332388071825,7.618808011607217,0
573,B12.5-Sr5,37.0,41.242750729212084,6.672739390059045,1
574,B12.5-Sr10,39.0,38.771169243667124,6.684276453261307,1
575,B12.5-Mg5-Sr10,37.0,38.5413761526097,6.716798911706578,1
576,LiB-70,46.0,43.89220738352557,6.639011340903909,1
577,LiB-90,41.0,39.788005321293646,6.651431313978075,1
578,CsB-70,34.0,36.60083018177193,6.622966804350621,1
579,CsB-90,25.0,35.5199638959904,6.630566993157293,1
580,a1.00,39.69072983314017,47.66088609232509,6.628726052354572,1
581,a0.75,36.36800052369921,38.435332806447185,6.647007867667004,1
582,a0.60,35.72513084329172,36.206693633428046,6.643031123704295,1
583,a0.50,36.77119491675001,36.74887757962057,6.64023769375472,1
584,a0.40,37.74083369501632,38.78339103590209,6.6438041151362475,1
585,a0.25,39.51835034598316,44.16764904506509,6.671415579926309,1
586,a0.00,38.59856336147169,55.17333736944485,6.82202606468686,0
587,b0.75,40.79934068265457,43.909101973622896,6.644650146016878,1
588,b0.50,43.14026626172337,41.19373835328158,6.6541196830151295,1
589,b0.25,38.15454115348809,38.79288056863202,6.677409178920584,1
590,b0.00,36.90118600411817,36.165865576378025,6.806728696191474,0
591,Zhong-Li-0.167,16.165,17.011482108577,6.649669668257714,1
592,Zhong-Li-0.334,31.692,32.86488502360248,6.648310169585903,1
593,Zhong-Li-0.5,38.934,42.392163907087756,6.67145672099279,0
594,Zhong-Li-0.667,44.831,44.24120164580003,6.639337213514877,1
595,Zhong-Li-0.818,39.977,41.436265540210094,6.643671267430716,1
596,Zhong-Na-0.167,15.437,22.173483366130405,6.62101446969626,1
597,Zhong-Na-0.334,29.209,39.97241849357483,6.622344507147163,0
598,Zhong-Na-0.5,37.7,46.4231642887794,6.632249197980522,0
599,Zhong-Na-0.667,38.412,43.5994856312502,6.647618342885091,0
600,Zhong-Na-0.818,33.653,37.490794862713415,6.667520386031377,1
601,Zhong-K-0.167,15.548,15.935766448121964,6.650434577680226,1
602,Zhong-K-0.334,28.688,30.940123743636455,6.672028293766852,1
603,Zhong-K-0.5,33.858,37.88158980615664,6.6872628560842005,1
604,Zhong-K-0.667,31.787,32.450627123951286,6.8652381676111816,0
605,Zhong-K-0.818,29.826,30.235936777992883,6.724316172742638,1
606,Zhong-Rb-0.167,15.121,15.56949627238895,6.721043881553265,1
607,Zhong-Rb-0.334,27.755,27.913322321456164,6.719235571092788,1
608,Zhong-Rb-0.5,31.992,32.10015395269677,6.709644090339542,1
609,Zhong-Rb-0.667,28.893,29.306812541949597,6.700564393374304,1
610,Zhong-Rb-0.818,27.96,28.146746663318076,6.712991925645804,1
611,Zhong-Cs-0.167,14.41,16.56773716443548,6.655760105910113,1
612,Zhong-Cs-0.334,25.589,29.410998534448602,6.6326277177549215,1
613,Zhong-Cs-0.5,27.96,37.32860581241681,6.628560498489857,0
614,Zhong-Cs-0.667,27.66,37.159690161650424,6.622666149660928,1
615,Zhong-Cs-0.818,23.723,35.15052652324366,6.628460047081242,1
616,Silver-Na-0.767,0.6910000000000001,2.261251109839911,6.645039771313468,1
617,Silver-Na-2.17,3.432,3.758195886654505,6.635991560741817,1
618,Silver-Na-4.82,7.161,7.058071268899653,6.632107381888908,1
619,Silver-Na-10.02,19.497,14.938247270046858,6.628125343887186,1
620,Silver-Na-13.66,27.6,21.045027003640126,6.621928625179562,1
621,Silver-Na-16.15,34.735,25.487977273282976,6.619520663779381,1
622,Silver-Na-19.95,43.16,32.31770650854757,6.618734352481636,1
623,Silver-Na-26.31,49.973,41.4467803345356,6.623861561918131,1
624,Silver-Na-33.75,55.798,46.50153624353123,6.633080602502527,1
625,Svanson-K-7.67,9.65187,7.292548639309651,6.846597423980869,0
626,Svanson-K-12.24,14.50387,13.514979188094856,6.674574170303211,1
627,Svanson-K-15.45,16.763,17.223161780856092,6.659711249735059,1
628,Svanson-K-22.50,26.77506,26.418065524201936,6.676298832661409,1
629,Svanson-K-30.53,45.69528,39.7084464226035,6.673825698981019,1
630,Kroeker-Cs-3.4,4.867,4.133875456328269,6.647630029199135,1
631,Kroeker-Cs-9.12,13.011,10.09826056705171,6.675062355637618,0
632,Kroeker-Cs-16.54,22.159,19.48344712945539,6.650288330770002,1
633,Kroeker-Cs-23.07,31.974,27.255940954761705,6.637850968121031,0
634,Kroeker-Cs-24.29,33.012,28.588284519777844,6.634010299371126,1
635,Kroeker-Cs-32.31,40.101,36.71621494341958,6.629163734477403,1
636,Kroeker-Cs-33.37,39.204,37.345559755156614,6.628547421103606,1
637,Kroeker-Cs-35.01,38.166,37.92324733518803,6.628167593351124,1
638,LAWA44,68.0,67.01907945216365,6.70417013615948,1
639,LAWABP1,70.0,68.36502347969545,6.707278559184409,1
640,HLP-9,66.0,65.86281239097374,6.710785279560976,1
641,LAWE-1A,67.0,65.67141458538727,6.954668773780282,0
642,LAWE-95A,53.0,52.38862606295263,6.713648982850343,1
643,LAWE-290A,56.0,57.420596749519795,6.702768354842244,1
644,NeB1,12.7,13.135184513734067,6.681589561595307,1
645,NeB2,39.7,35.19846563016469,6.671688102651233,1
646,NeB3,55.1,53.94719459011951,6.668261762689264,1
647,NeB4,62.2,60.31146663075785,6.66407523231258,1
648,1% Al,12.0,14.794833690469218,6.658979988023805,1
649,1.5% Al,11.0,13.424221846585183,6.6512581882304085,1
650,2% Al,7.0,12.244981447995126,6.648725259933335,0
651,4% Al,2.0,9.353788391824438,6.672335566678914,1
652,Lee-XMa0-non-enriched,0.0,0.39497367994395916,6.710829289068936,1
653,Lee-XMa0.25-non-enriched,12.0,11.11033612272799,6.6876781010338755,1
654,Lee-Xa0.5-non-enriched,38.0,36.6865904175565,6.66531885452536,1
655,Lee-XMa0.75-non-enriched,51.0,57.42528467519004,6.650934838427747,1
656,Lee-XMa1-non-enriched,57.0,60.87477128735907,6.615973636353938,0
657,Lee-XRd0.1-non-enriched,0.0,13.946524724570807,6.6685647137621755,1
658,Lee-XRd0.25-non-enriched,28.0,26.901081821319767,6.647260114991079,1
659,Lee-XRd0.5-non-enriched,48.0,46.86883690096203,6.641638976988739,1
660,Lee-XRd0.75-non-enriched,52.0,59.295072580693045,6.6357159643282575,1
661,Lee-XRd1-non-enriched,65.0,68.07246477535672,6.618065255908507,1
662,CABS5-0.0001GPa,2.7,6.70784173127052,6.641677060058585,1
663,CABS5-1GPa,7.0,6.70784173127052,6.641677060058585,1
664,CABS5-2GPa,11.7,6.70784173127052,6.641677060058585,0
665,CABS10-0.0001GPa,3.6,9.210785266010745,6.626197566537217,0
666,CABS10-1GPa,8.0,9.210785266010745,6.626197566537217,1
667,CABS10-2GPa,16.3,9.210785266010745,6.626197566537217,1
668,CABS15-0.0001GPa,4.4,10.85397837388496,6.624867049450896,0
669,CABS15-1GPa,9.1,10.85397837388496,6.624867049450896,1
670,CABS15-2GPa,17.0,10.85397837388496,6.624867049450896,1
671,CABS20-0.0001GPa,5.7,11.873938407333554,6.626013010854623,1
672,CABS20-1GPa,11.2,11.873938407333554,6.626013010854623,0
673,CABS20-2GPa,18.2,11.873938407333554,6.626013010854623,0
674,CABS25-0.0001GPa,6.4,12.955607472369248,6.634589861169128,1
675,CABS25-1GPa,12.7,12.955607472369248,6.634589861169128,1
676,CABS25-2GPa,22.1,12.955607472369248,6.634589861169128,1
677,NBS-10-10-80,75.5,63.69937013551559,6.6301598476756585,1
678,NBS-10-20-80,48.4,47.991012471390306,6.615036145174805,1
679,NBS-10-30-60,34.8,32.92258832585193,6.61518976170631,1
680,NBS-10-60-30,18.9,20.180701982329506,6.642161897559094,1
681,NBS-10-70-20,16.6,17.269432030234192,6.643281615332863,1
682,NBS-10-80-10,15.1,14.468351727717835,6.644254333572818,1
683,NBS-20-10-70,87.2,75.86422068508134,6.618949800136729,1
684,NBS-20-20-60,72.7,62.971710808053714,6.612677111926963,1
685,NBS-20-30-50,59.9,51.70661217639467,6.613342930718865,1
686,NBS-20-40-40,48.7,44.002175238422495,6.616448115004137,1
687,NBS-20-50-30,40.7,36.37911571869643,6.622305450756397,1
688,NBS-20-60-20,35.1,31.3943317739375,6.625796830754294,1
689,NBS-30-10-60,79.0,72.54142616045644,6.624796968924288,1
690,NBS-30-20-50,70.1,67.69406212865604,6.61467405166726,1
691,NBS-30-30-40,62.8,57.370775526939276,6.617954312260906,1
692,NBS-30-60-10,45.8,36.93373459585863,6.627434246821015,1
693,NBS-40-10-50,59.6,61.67894673029949,6.6268389504833864,0
694,NBS-40-30-30,50.0,47.338287413626674,6.623211727895556,1
695,NABS-10-5-10-75,42.3,40.40765621105972,6.642808021815958,1
696,NABS-10-5-20-65,24.5,28.17281316678637,6.642986046205608,1
697,NABS-10-5-30-60,16.9,17.998205357609447,6.649262895883381,1
698,NABS-10-5-35-50,13.8,13.16122386270996,6.663419694718811,0
699,NABS-10-5-45-40,12.4,12.120829644258006,6.655512047234992,1
700,NABS-10-5-55-30,10.6,10.91646581349012,6.653193350952025,1
701,NABS-10-5-65-20,9.8,10.019868579230327,6.654162787420734,1
702,NABS-10-5-75-10,9.8,9.164261747497761,6.670513992671924,1
703,40L30B30S,57.5,48.555435987431636,7.2182725099446925,0
704,40L50B10S,52.2,50.76759141002451,6.722801977973491,1
705,60L25B15S,25.5,26.72288122845803,6.729844527470032,1
706,Lv-K2.0-0.75,62.8,61.64070429116593,6.663862838339501,1
707,Lv-Na2.0-0.75,60.4,55.395282535215074,6.611268563407457,1
708,Lv-K4.0-0.75,68.1,71.86975950148133,6.671924505224857,0
709,Lv-RbNa4.0-0.75,65.1,65.24326771799696,6.641728046582392,1
710,Lv-Na4.0-0.75,61.8,61.39500420940292,6.6129671213318355,1
711,Lv-MgNa4.0-0.75,31.3,31.239983575855042,6.635774721179936,1
712,Lv-LiNa2.02.1,54.7,45.975887467450484,6.716554517982892,0
713,Lv-Na2.0-0.26,27.0,26.306313593943546,6.61543899440301,1
714,Lv-Na2.0-0.5,47.6,46.05502431326069,6.613799602648364,0
715,Lv-Na2.0-2.5,41.1,43.854295750192655,6.626106190453298,1
716,Lv-Na4.0-1.2,73.3,68.7363521693104,6.613620881778112,1
717,Lv-CaNa0.5-0.5,41.9,45.515593691899454,6.659375010577602,1
718,Lv-CaNa2.0-0.5,40.4,39.726370570974815,6.660940907516848,1
719,Lv-CaNa4.0-1.2,55.2,58.60561951799749,6.644365548668683,1
720,Lv-CaNa4.0-2.0,59.1,60.24985597979389,6.641898848515444,1
721,Lv-CaNa4.0-3.3,47.2,48.48696825570447,6.656576227286762,1
722,Li2.0-0.75,56.3,55.81712683507644,6.654232336946733,1
723,Na2.0-0.75,60.4,55.42535197918919,6.61125884445884,0
724,K2.0-0.75,62.4,57.39751759631435,6.6605716575458755,1
725,Rb2.0-0.75,60.3,61.4317207206611,6.695531380289776,1
726,Mg2.0-0.75,36.1,35.385822650745524,6.715231018165136,1
727,Ca2.0-0.75,48.3,51.59868422697535,6.664010393071036,0
728,Sr2.0-0.75,53.8,52.66132475775111,6.643728394333841,1
729,Ba2.0-0.75,57.4,52.66132475775111,6.643728394333841,1
730,Li4.0-0.75,53.9,52.0588663869924,6.647283127265343,1
731,Na4.0-0.75,62.3,61.54425816983019,6.613032526869304,0
732,K4.0-0.75,66.7,49.8756683812821,6.725139405355299,0
733,Rb4.0-0.75,65.1,65.31413420472686,6.641897684825234,1
734,Mg4.0-0.75,31.3,31.29602482553049,6.635945199874957,1
735,Ca4.0-0.75,42.0,47.63872705825976,6.655522799694095,1
736,Sr4.0-0.75,51.7,51.709597128571914,6.631432768064008,1
737,Ba4.0-0.75,56.0,51.709597128571914,6.631432768064008,0
738,Li2.0-2.1,54.7,56.646185253247744,6.712887902930182,1
739,Na2.0-2.1,48.7,53.352367189844244,6.616319622253558,1
740,K2.0-2.1,43.9,45.99293363584719,6.716355620911987,1
741,Rb2.0-2.1,40.6,42.06555604574057,6.721905019696099,1
742,Mg2.0-2.1,40.2,39.520219760314724,6.7279104235980345,1
743,Ca2.0-2.1,45.3,47.8165113073253,6.658008623675691,1
744,Sr2.0-2.1,50.1,53.08958797743197,6.660165214345006,1
745,Ba2.0-2.1,51.7,53.08958797743197,6.660165214345006,1
746,Li4.0-2.1,69.0,67.88284147194757,6.685897883123908,1
747,Na4.0-2.1,69.7,71.27215638108774,6.617042542100677,1
748,K4.0-2.1,69.0,71.18309347899203,6.693692052712822,1
749,Rb4.0-2.1,66.2,65.53644340390267,6.701851124482974,1
750,Mg4.0-2.1,45.9,44.45158666297097,6.666959799752773,1
751,Ca4.0-2.1,58.2,59.567068245864135,6.643988380914785,1
752,Sr4.0-2.1,65.9,67.54873109523128,6.6681708156959685,1
753,Ba4.0-2.1,68.9,67.54873109523228,6.668170815695967,0
754,pLi4.0-0.75,29.5,36.83580887343865,6.687515437544035,1
755,pK4.0-0.75,68.1,71.94463189546373,6.671343773288372,0
756,pRb4.0-0.75,67.1,66.17081760257572,6.709127438874072,1
757,pLi2.0-2.1,51.7,43.75747543251553,7.661272395822091,0
758,pK2.0-2.1,38.9,39.19495276815691,6.72789547633108,1
759,pRb2.0-2.1,31.8,35.31812428844846,7.97304116417922,0
760,Rb,67.2,66.17466338833977,6.7090026979287645,0
761,K,68.4,71.91027544667273,6.671313422319868,1
762,RbNa,67.0,65.31499943793784,6.641904623908042,1
763,KNa,67.1,65.48197834874458,6.707995846435585,1
764,Na,63.6,61.52378184281646,6.613037940652161,0
765,LiNa,55.2,52.05718916000147,6.6472917457359015,1
766,BaNa,56.8,51.70920819571811,6.631437031551375,1
767,SrNa,52.1,51.70920819571811,6.631437031551375,1
768,MgNa,30.2,31.29628123683763,6.635950935762202,1
769,Na2.0-0.75,60.4,55.395282535215074,6.611268563407457,1
770,Na4.0-0.75,61.8,61.39500420940292,6.6129671213318355,1
771,MgNa4.0-0.75,31.0,31.239983575855042,6.635774721179936,1
772,MgNa4.0-2.1,44.5,44.44965534504682,6.666967488825086,1
773,ISG-C,50.0,45.64842478763667,6.632056094525721,0
774,ISG-A00,64.0,61.0506639932328,6.624567715164569,1
775,ISG-A12,23.0,22.817882663974544,6.73536138746948,0
776,ISG-A22,7.0,5.043060511886345,6.699192974505571,1
777,ISG-A00N,56.0,52.11580970544543,6.634849074675592,1
778,ISG-A11N,37.0,36.85177396833651,6.685302393517422,1
779,ISG-A18N,13.0,15.29169695128692,6.684043570847353,1
780,ISG-A23N,3.0,4.145677397466855,6.700357941053914,1
781,NaBSi1,95.4,89.69243593632848,6.623847068119027,1
782,NaBSi2,87.9,74.42415829918664,6.614113644576936,1
783,NabSi3,53.1,59.02311107030924,6.613151890471608,1
784,NaBSi4,18.2,44.9181050602198,6.6224403313535305,1
785,NaBSi5,20.2,38.49867673980973,6.628524187090554,1
786,BNaSi1,15.2,23.58740897436429,6.6443024560301325,1
787,BNaSi2,21.2,45.494536703797124,6.6193412634308935,1
788,BNaSi3,55.3,63.04956911786673,6.612085544822317,1
789,BNaSi4,80.5,69.12544815169495,6.613398590413619,0
790,BNaSi5,92.1,68.05641107526617,6.616872157014151,1
791,0BNCZ,46.82,37.02235844429188,6.620351900486281,1
792,5BNCZ,46.83,46.69036074770366,6.732489408592446,1
793,10BNCZ,46.44,46.26716256445389,6.732987245598059,1
794,15BNCZ,45.7,45.541364586247504,6.7330893500358915,1
795,20BNCZ,45.03,42.232540921055104,8.974667148897856,0
796,LBS,57.0,56.21073373400995,6.7138524254852925,1
797,NBS,88.0,85.61394169982063,6.703916710417634,1
798,KBS,92.0,89.72630510796617,6.72246562975237,1
799,RBS,93.0,75.65730291870486,7.472440679316907,0
800,CBS,97.0,89.11204398172069,6.708655035283971,1
801,LNBS,70.0,71.8992722588111,6.697445455019516,1
802,RCBS,97.0,94.59478566160917,6.719533913018433,1
803,N26M0,57.0,55.57616345903169,6.706894458998826,1
804,N19M8,37.0,27.260572786725465,7.647405165934492,0
805,N13M13,24.0,16.19534961232116,7.23263596030048,0
806,N8M19,7.0,8.86639558704612,6.727229849015962,1
807,N0M12,2.0,3.157216283871904,6.728828473759146,1
808,N19C8,46.0,47.64314374158991,6.708368821037655,1
